"Category","Version","Extension","SizeKB","Modified","Name","RelativePath"
"00_未分类参考资料","MVP 0.3",".md","4.3","2026-02-08 08:35","MANIFEST_MVP0.3.md","MANIFEST_MVP0.3.md"
"00_未分类参考资料","MVP 0.3",".md","7.8","2026-02-08 08:34","README_MVP0.3.md","README_MVP0.3.md"
"00_未分类参考资料","MVP 0.4.5",".docx","17.6","2026-02-15 13:36","MVP 0.4.5 人口阶段开发思路.docx","MVP 0.4.5 人口阶段开发思路.docx"
"00_未分类参考资料","MVP 0.4.5",".docx","25.2","2026-02-17 11:57","01 EOR_MVP045_整改项目计划书.docx","MVP 045整改项目文档\01 项目管理文档\01 EOR_MVP045_整改项目计划书.docx"
"00_未分类参考资料","MVP 0.4.5",".txt","8.5","2026-02-17 12:48","PM to KIMI指令集.txt","MVP 045整改项目文档\01 项目管理文档\PM to KIMI指令集.txt"
"00_未分类参考资料","MVP 0.4.5",".png","391.4","2026-02-18 19:51","交流纪要.png","MVP 045整改项目文档\01 项目管理文档\交流纪要.png"
"00_未分类参考资料","MVP 0.4.5",".txt","169.7","2026-02-17 18:23","版本变更 vs 基线MVP0.4.5.txt","MVP 045整改项目文档\03 程序开发文档\1-3\版本变更 vs 基线MVP0.4.5.txt"
"00_未分类参考资料","MVP 0.4.5",".txt","10.7","2026-02-17 20:41","指令4 报告.txt","MVP 045整改项目文档\03 程序开发文档\4.0 收入阶段迁移\指令4 报告.txt"
"00_未分类参考资料","MVP 0.4.5",".docx","6.4","2026-02-21 09:54","EOR项目整改协作交流 - 我的发言（提示词）汇总.docx","MVP 045整改项目文档\EOR项目整改协作交流 - 我的发言（提示词）汇总.docx"
"00_未分类参考资料","MVP 0.4.5",".docx","28.9","2026-02-17 11:48","Eagle of Rome MVP 0.4.5 代码整改意见书（Final v2）.docx","MVP 045整改项目文档\整改方案建议\Eagle of Rome MVP 0.4.5 代码整改意见书（Final v2）.docx"
"00_未分类参考资料","MVP 0.4.5",".docx","22.4","2026-02-17 11:44","EOR 项目文档包任务书.docx","MVP 045整改项目文档\整改方案建议\EOR 项目文档包任务书.docx"
"00_未分类参考资料","MVP 0.4.5",".docx","18.8","2026-02-17 10:21","DS 罗马鹰旗（EOR）项目代码优化意见书.docx","MVP 045整改项目文档\整改方案建议\草稿\DS 罗马鹰旗（EOR）项目代码优化意见书.docx"
"00_未分类参考资料","MVP 0.4.5",".docx","28.4","2026-02-17 10:46","KIMI 罗马鹰旗（EOR）项目代码优化意见书 （优化版）.docx","MVP 045整改项目文档\整改方案建议\草稿\KIMI 罗马鹰旗（EOR）项目代码优化意见书 （优化版）.docx"
"00_未分类参考资料","MVP 0.4.5",".docx","25.9","2026-02-17 10:33","KIMI 罗马鹰旗（EOR）项目代码优化意见书.docx","MVP 045整改项目文档\整改方案建议\草稿\KIMI 罗马鹰旗（EOR）项目代码优化意见书.docx"
"00_未分类参考资料","MVP 0.4.5",".docx","30.1","2026-02-17 10:54","同行（DeepSeek+豆包）评审意见汇总.docx","MVP 045整改项目文档\整改方案建议\草稿\同行（DeepSeek+豆包）评审意见汇总.docx"
"00_未分类参考资料","MVP 0.4.5",".docx","11.8","2026-02-17 10:20","豆包-罗马鹰旗（EOR）MVP 0.4.5 版本代码整改意见书.docx","MVP 045整改项目文档\整改方案建议\草稿\豆包-罗马鹰旗（EOR）MVP 0.4.5 版本代码整改意见书.docx"
"00_未分类参考资料","MVP 0.4.6",".docx","19","2026-03-28 21:05","提示词模板.docx","MVP 046功能基线文档\提示词模板.docx"
"00_未分类参考资料","MVP 0.7 相关历史",".docx","23.6","2026-03-20 16:51","MVP 0.7 核心代码文件清单.docx","MVP 046功能基线文档\MVP 0.7 核心代码文件清单.docx"
"00_未分类参考资料","未标明版本",".docx","24.2","2026-02-18 21:55","罗马鹰旗EOR 核心数据说明书.docx","罗马鹰旗EOR 核心数据说明书.docx"
"01_产品策划与规则资料","MVP 0.4.5",".docx","7.9","2026-02-21 09:54","EOR MVP 0.4.5 核心数据（影响力_金钱_土地）功能说明书.docx","EOR MVP 0.4.5 核心数据（影响力_金钱_土地）功能说明书.docx"
"01_产品策划与规则资料","MVP 0.4.6",".docx","20.1","2026-03-03 00:17","ROR卡牌系统.docx","MVP 046功能基线文档\00 项目输入包\ROR卡牌系统.docx"
"01_产品策划与规则资料","MVP 0.4.6",".docx","43.3","2026-02-28 11:35","罗马共和 ROR游戏规则 V1.02.docx","MVP 046功能基线文档\00 项目输入包\罗马共和 ROR游戏规则 V1.02.docx"
"01_产品策划与规则资料","MVP 0.4.6",".docx","44.3","2026-02-28 11:40","罗马共和 规则详细版.docx","MVP 046功能基线文档\00 项目输入包\罗马共和 规则详细版.docx"
"01_产品策划与规则资料","MVP 0.4.6",".docx","44","2026-03-30 17:16","罗马鹰旗游戏功能说明书 V1.0.docx","MVP 046功能基线文档\00 项目输入包\罗马鹰旗游戏功能说明书 V1.0.docx"
"01_产品策划与规则资料","MVP 0.4.6",".xlsx","36.2","2026-03-30 22:02","EOR MVP 1.0 目标版本规划 V1.1.xlsx","MVP 046功能基线文档\01 策划师输出\EOR MVP 1.0 目标版本规划 V1.1.xlsx"
"01_产品策划与规则资料","MVP 0.4.6",".xlsx","24","2026-02-21 23:31","EOR MVP 1.0 目标版本规划.xlsx","MVP 046功能基线文档\01 策划师输出\EOR MVP 1.0 目标版本规划.xlsx"
"01_产品策划与规则资料","MVP 0.4.6",".xlsx","16","2026-02-25 21:27","人物属性设定表 1.0.xlsx","MVP 046功能基线文档\01 策划师输出\人物属性设定表 1.0.xlsx"
"01_产品策划与规则资料","MVP 0.4.6",".xlsx","14","2026-03-01 16:08","数值设计.xlsx","MVP 046功能基线文档\01 策划师输出\数值设计.xlsx"
"01_产品策划与规则资料","MVP 0.4.6",".docx","14.3","2026-02-23 09:32","罗马阶级说明.docx","MVP 046功能基线文档\01 策划师输出\罗马阶级说明.docx"
"01_产品策划与规则资料","MVP 0.4.6",".docx","68.7","2026-03-06 21:10","罗马鹰旗（EOR）MVP  详细功能规格说明书.docx","MVP 046功能基线文档\01 策划师输出\罗马鹰旗（EOR）MVP  详细功能规格说明书.docx"
"01_产品策划与规则资料","MVP 0.4.6",".docx","20.1","2026-02-21 20:57","逻辑链条漏洞与定义不清晰点---答复版.docx","MVP 046功能基线文档\01 策划师输出\逻辑链条漏洞与定义不清晰点---答复版.docx"
"01_产品策划与规则资料","MVP 0.7 相关历史",".docx","46.7","2026-03-30 15:34","罗马鹰旗（Eagle of Rome, EOR）详细功能规格说明书 MVP 0.7.docx","MVP 046功能基线文档\01 策划师输出\罗马鹰旗（Eagle of Rome, EOR）详细功能规格说明书 MVP 0.7.docx"
"01_产品策划与规则资料","未标明版本",".pdf","966.3","2026-02-01 21:12","16-the-republic-of-rome-rulebook.pdf","16-the-republic-of-rome-rulebook.pdf"
"01_产品策划与规则资料","未标明版本",".xlsx","16","2026-02-25 16:32","EOR 人物属性设定.xlsx","EOR 人物属性设定.xlsx"
"01_产品策划与规则资料","未标明版本",".xlsx","7.5","2026-01-24 19:05","EOR 游戏需求跟踪表.xlsx","EOR 游戏需求跟踪表.xlsx"
"01_产品策划与规则资料","未标明版本",".docx","16.2","2026-02-20 07:42","罗马鹰旗EOR核心功能说明书.docx","罗马鹰旗EOR核心功能说明书.docx"
"02_架构设计与技术规范","MVP 0.4.5",".docx","19.7","2026-02-17 15:33","指令4-交付件1 EOR MVP 0.4.5 代码审查 Checklist_V1.0.docx","Archive\指令4-交付件1 EOR MVP 0.4.5 代码审查 Checklist_V1.0.docx"
"02_架构设计与技术规范","MVP 0.4.5",".docx","419.8","2026-02-17 12:08","02 EOR_架构设计说明书.docx","MVP 045整改项目文档\01 项目管理文档\02 EOR_架构设计说明书.docx"
"02_架构设计与技术规范","MVP 0.4.5",".docx","19.7","2026-02-17 11:59","03 EOR_接口规范说明书.docx","MVP 045整改项目文档\01 项目管理文档\03 EOR_接口规范说明书.docx"
"02_架构设计与技术规范","MVP 0.4.5",".docx","29.1","2026-02-18 21:03","05 EOR_开发指南 V1.2.docx","MVP 045整改项目文档\01 项目管理文档\05 EOR_开发指南 V1.2.docx"
"02_架构设计与技术规范","MVP 0.4.5",".2","8.7","2026-02-18 21:19","PM to 架构师指令集 V1.2","MVP 045整改项目文档\01 项目管理文档\PM to 架构师指令集 V1.2"
"02_架构设计与技术规范","MVP 0.4.5",".docx","17.6","2026-02-18 20:55","EOR 系统架构文档更新说明 V1.2.docx","MVP 045整改项目文档\02 系统架构文档\EOR 系统架构文档更新说明 V1.2.docx"
"02_架构设计与技术规范","MVP 0.4.5",".docx","29.4","2026-02-18 21:17","指令1-交付件1 EOR Command命令体系架构设计细化文档_V1.2.docx","MVP 045整改项目文档\02 系统架构文档\指令1-交付件1 EOR Command命令体系架构设计细化文档_V1.2.docx"
"02_架构设计与技术规范","MVP 0.4.5",".txt","5.6","2026-02-17 13:36","指令1-交付件2 command_registry_pseudocode..txt","MVP 045整改项目文档\02 系统架构文档\指令1-交付件2 command_registry_pseudocode..txt"
"02_架构设计与技术规范","MVP 0.4.5",".docx","24.5","2026-02-17 13:53","指令2-交付件1 EOR GameState状态管理架构设计细化文档_V1.1.docx","MVP 045整改项目文档\02 系统架构文档\指令2-交付件1 EOR GameState状态管理架构设计细化文档_V1.1.docx"
"02_架构设计与技术规范","MVP 0.4.5",".txt","4.8","2026-02-17 13:57","指令2-交付件2 gamestate_singleton_removal_pseudocode.txt","MVP 045整改项目文档\02 系统架构文档\指令2-交付件2 gamestate_singleton_removal_pseudocode.txt"
"02_架构设计与技术规范","MVP 0.4.5",".docx","20.2","2026-02-17 15:23","指令3-交付件1 EOR Config配置管理架构设计细化文档 v1.2.docx","MVP 045整改项目文档\02 系统架构文档\指令3-交付件1 EOR Config配置管理架构设计细化文档 v1.2.docx"
"02_架构设计与技术规范","MVP 0.4.5",".txt","0.5","2026-02-17 15:26","指令3-交付件2 Config点号路径解析伪代码片段.txt","MVP 045整改项目文档\02 系统架构文档\指令3-交付件2 Config点号路径解析伪代码片段.txt"
"02_架构设计与技术规范","MVP 0.4.5",".md","1.6","2026-02-17 15:27","指令3-交付件3  代码映射说明.md","MVP 045整改项目文档\02 系统架构文档\指令3-交付件3  代码映射说明.md"
"02_架构设计与技术规范","MVP 0.4.5",".docx","20.3","2026-02-18 21:04","指令4-交付件1 EOR MVP 0.4.5 代码审查 Checklist_V1.2.docx","MVP 045整改项目文档\02 系统架构文档\指令4-交付件1 EOR MVP 0.4.5 代码审查 Checklist_V1.2.docx"
"02_架构设计与技术规范","MVP 0.4.5",".docx","22.4","2026-02-18 21:39","指令6-交付件1 CommandRegistry代码审查报告.docx","MVP 045整改项目文档\02 系统架构文档\指令6-交付件1 CommandRegistry代码审查报告.docx"
"02_架构设计与技术规范","MVP 0.4.5",".docx","23.7","2026-02-20 21:16","指令7-交付件1 EOR MVP 0.4.5 验收验证步骤手册_V1.0.docx","MVP 045整改项目文档\02 系统架构文档\指令7-交付件1 EOR MVP 0.4.5 验收验证步骤手册_V1.0.docx"
"02_架构设计与技术规范","MVP 0.4.5",".txt","11.3","2026-02-17 18:24","架构师给程序员的指令集.txt","MVP 045整改项目文档\03 程序开发文档\架构师给程序员的指令集.txt"
"02_架构设计与技术规范","MVP 0.4.6",".txt","22.1","2026-02-21 09:46","EOR MVP 0.4.6 技术文档.txt","MVP 045整改项目文档\02 系统架构文档\EOR MVP 0.4.6 技术文档.txt"
"02_架构设计与技术规范","MVP 0.4.6",".docx","49.1","2026-02-21 09:19","EOR MVP 0.4.6 技术文档 - DeepSeek.docx","MVP 046功能基线文档\00 项目输入包\EOR MVP 0.4.6 技术文档 - DeepSeek.docx"
"02_架构设计与技术规范","MVP 0.4.6",".docx","34.7","2026-02-21 09:49","EOR MVP 0.4.6 技术文档 - KIMI版.docx","MVP 046功能基线文档\00 项目输入包\EOR MVP 0.4.6 技术文档 - KIMI版.docx"
"02_架构设计与技术规范","MVP 0.4.6",".docx","62","2026-02-21 10:07","EOR MVP 0.4.6 技术文档 - 豆包版.docx","MVP 046功能基线文档\00 项目输入包\EOR MVP 0.4.6 技术文档 - 豆包版.docx"
"02_架构设计与技术规范","MVP 0.4.6",".docx","27.7","2026-03-29 08:44","《多玩家信息隔离功能方案》.docx","MVP 046功能基线文档\02 架构师输出\《多玩家信息隔离功能方案》.docx"
"02_架构设计与技术规范","MVP 0.4.6",".docx","18.2","2026-03-26 20:09","技术债务说明书 - 舰队建造流程中缺失了资金流 （DS013）.docx","MVP 046功能基线文档\02 架构师输出\ACT-99 技术债务\已解决\技术债务说明书 - 舰队建造流程中缺失了资金流 （DS013）.docx"
"02_架构设计与技术规范","MVP 0.4.6",".docx","18.8","2026-03-23 17:22","技术债务说明书 P2 手动移动战争时未同步舰队 P2.docx","MVP 046功能基线文档\02 架构师输出\ACT-99 技术债务\已解决\技术债务说明书 P2 手动移动战争时未同步舰队 P2.docx"
"02_架构设计与技术规范","MVP 0.4.6",".docx","20.7","2026-03-21 17:12","技术债务说明书 包税合同激活后未产生国库收入 P0.docx","MVP 046功能基线文档\02 架构师输出\ACT-99 技术债务\已解决\技术债务说明书 包税合同激活后未产生国库收入 P0.docx"
"02_架构设计与技术规范","MVP 0.4.6",".docx","19.7","2026-03-20 20:18","技术债务说明书-公地认购机制不符合设计意图.docx","MVP 046功能基线文档\02 架构师输出\ACT-99 技术债务\已解决\技术债务说明书-公地认购机制不符合设计意图.docx"
"02_架构设计与技术规范","MVP 0.4.6",".docx","18.6","2026-03-20 14:04","技术债务说明书-自动模式下的权限控制.docx","MVP 046功能基线文档\02 架构师输出\ACT-99 技术债务\已解决\技术债务说明书-自动模式下的权限控制.docx"
"02_架构设计与技术规范","MVP 0.4.6",".docx","25.7","2026-03-30 16:23","技术债务说明书 P1 EconomicService 重构.docx","MVP 046功能基线文档\02 架构师输出\ACT-99 技术债务\技术债务说明书 P1 EconomicService 重构.docx"
"02_架构设计与技术规范","MVP 0.4.6",".docx","17.9","2026-03-21 10:01","技术债务说明书 P1 临时屏蔽广场阶段“私地交易”环节 P1.docx","MVP 046功能基线文档\02 架构师输出\ACT-99 技术债务\技术债务说明书 P1 临时屏蔽广场阶段“私地交易”环节 P1.docx"
"02_架构设计与技术规范","MVP 0.4.6",".docx","14","2026-03-05 22:39","技术债务说明书 P1 国库资金为负的处理 P1.docx","MVP 046功能基线文档\02 架构师输出\ACT-99 技术债务\技术债务说明书 P1 国库资金为负的处理 P1.docx"
"02_架构设计与技术规范","MVP 0.4.6",".docx","20.6","2026-03-22 22:45","技术债务说明书 P1 执政官官职丢失遗留问题 P1.docx","MVP 046功能基线文档\02 架构师输出\ACT-99 技术债务\技术债务说明书 P1 执政官官职丢失遗留问题 P1.docx"
"02_架构设计与技术规范","MVP 0.4.6",".docx","24.7","2026-03-30 16:15","技术债务说明书 P1 政治系统political_system重构.docx","MVP 046功能基线文档\02 架构师输出\ACT-99 技术债务\技术债务说明书 P1 政治系统political_system重构.docx"
"02_架构设计与技术规范","MVP 0.4.6",".docx","19.3","2026-03-06 22:34","技术债务说明书 P2 度量衡整改分阶段实施方案 P2.docx","MVP 046功能基线文档\02 架构师输出\ACT-99 技术债务\技术债务说明书 P2 度量衡整改分阶段实施方案 P2.docx"
"02_架构设计与技术规范","MVP 0.4.6",".docx","22.3","2026-03-28 20:44","技术债务说明书 P2 游戏代码中大量硬编码中文的系统性整改 P2.docx","MVP 046功能基线文档\02 架构师输出\ACT-99 技术债务\技术债务说明书 P2 游戏代码中大量硬编码中文的系统性整改 P2.docx"
"02_架构设计与技术规范","MVP 0.4.6",".docx","19","2026-03-23 21:09","技术债务说明书 P2 统一总督任命资格检查函数到API P2.docx","MVP 046功能基线文档\02 架构师输出\ACT-99 技术债务\技术债务说明书 P2 统一总督任命资格检查函数到API P2.docx"
"02_架构设计与技术规范","MVP 0.4.6",".docx","23.4","2026-03-23 15:22","技术债务说明书 P2 统一战争指挥官指派服务 P2.docx","MVP 046功能基线文档\02 架构师输出\ACT-99 技术债务\技术债务说明书 P2 统一战争指挥官指派服务 P2.docx"
"02_架构设计与技术规范","MVP 0.4.6",".docx","20.2","2026-03-29 15:05","任务指令：第一批次（API 层）函数索引说明书整理与代码清理.docx","MVP 046功能基线文档\02 架构师输出\任务指令：第一批次（API 层）函数索引说明书整理与代码清理.docx"
"02_架构设计与技术规范","MVP 0.4.6",".docx","25.9","2026-03-29 22:49","任务指令：第七批次（核心管理）函数索引说明书整理与代码清理.docx","MVP 046功能基线文档\02 架构师输出\任务指令：第七批次（核心管理）函数索引说明书整理与代码清理.docx"
"02_架构设计与技术规范","MVP 0.4.6",".docx","30.1","2026-03-29 15:57","任务指令：第三批次（核心实体）函数索引说明书整理与代码清理.docx","MVP 046功能基线文档\02 架构师输出\任务指令：第三批次（核心实体）函数索引说明书整理与代码清理.docx"
"02_架构设计与技术规范","MVP 0.4.6",".docx","25.1","2026-03-29 15:34","任务指令：第二批次（核心系统）函数索引说明书整理与代码清理.docx","MVP 046功能基线文档\02 架构师输出\任务指令：第二批次（核心系统）函数索引说明书整理与代码清理.docx"
"02_架构设计与技术规范","MVP 0.4.6",".docx","27.5","2026-03-29 22:36","任务指令：第五批次（决策器）函数索引说明书整理与代码清理.docx","MVP 046功能基线文档\02 架构师输出\任务指令：第五批次（决策器）函数索引说明书整理与代码清理.docx"
"02_架构设计与技术规范","MVP 0.4.6",".docx","21.7","2026-03-29 22:43","任务指令：第六批次（服务与工具）函数索引说明书整理与代码清理.docx","MVP 046功能基线文档\02 架构师输出\任务指令：第六批次（服务与工具）函数索引说明书整理与代码清理.docx"
"02_架构设计与技术规范","MVP 0.4.6",".docx","27.2","2026-03-29 21:59","任务指令：第四批次（UI 命令层）函数索引说明书整理与代码清理.docx","MVP 046功能基线文档\02 架构师输出\任务指令：第四批次（UI 命令层）函数索引说明书整理与代码清理.docx"
"02_架构设计与技术规范","MVP 0.4.6",".docx","22","2026-03-29 15:07","函数索引说明书整理任务规划.docx","MVP 046功能基线文档\02 架构师输出\函数索引说明书整理任务规划.docx"
"02_架构设计与技术规范","MVP 0.4.6",".docx","29.7","2026-03-29 08:53","开发任务指令：多玩家信息隔离功能 DS033.docx","MVP 046功能基线文档\02 架构师输出\开发任务指令：多玩家信息隔离功能 DS033.docx"
"02_架构设计与技术规范","MVP 0.4.6",".docx","19.3","2026-03-29 08:51","开发指引：多玩家信息隔离功能 DS033.docx","MVP 046功能基线文档\02 架构师输出\开发指引：多玩家信息隔离功能 DS033.docx"
"02_架构设计与技术规范","MVP 0.4.6",".docx","17.8","2026-03-29 15:29","第一批次任务验收反馈.docx","MVP 046功能基线文档\02 架构师输出\第一批次任务验收反馈.docx"
"02_架构设计与技术规范","MVP 0.5 相关历史",".docx","17.9","2026-02-21 22:48","EOR MVP 命令系统架构设计文档.docx","MVP 046功能基线文档\02 架构师输出\ACT-00 架构设计文档\MVP 0.5 +\EOR MVP 命令系统架构设计文档.docx"
"02_架构设计与技术规范","MVP 0.5 相关历史",".docx","37.6","2026-03-13 21:18","EOR MVP 开发架构约束与注意事项.docx","MVP 046功能基线文档\02 架构师输出\ACT-00 架构设计文档\MVP 0.5 +\EOR MVP 开发架构约束与注意事项.docx"
"02_架构设计与技术规范","MVP 0.5 相关历史",".docx","224.7","2026-02-21 22:27","EOR MVP 架构设计总览.docx","MVP 046功能基线文档\02 架构师输出\ACT-00 架构设计文档\MVP 0.5 +\EOR MVP 架构设计总览.docx"
"02_架构设计与技术规范","MVP 0.5 相关历史",".docx","35.3","2026-03-06 20:10","EOR MVP 标准化接口设计文档.docx","MVP 046功能基线文档\02 架构师输出\ACT-00 架构设计文档\MVP 0.5 +\EOR MVP 标准化接口设计文档.docx"
"02_架构设计与技术规范","MVP 0.5 相关历史",".docx","192.9","2026-03-06 20:10","EOR MVP 核心实体架构设计文档.docx","MVP 046功能基线文档\02 架构师输出\ACT-00 架构设计文档\MVP 0.5 +\EOR MVP 核心实体架构设计文档.docx"
"02_架构设计与技术规范","MVP 0.5 相关历史",".docx","94.7","2026-03-06 20:11","EOR MVP 模块调用与业务流程架构文档.docx","MVP 046功能基线文档\02 架构师输出\ACT-00 架构设计文档\MVP 0.5 +\EOR MVP 模块调用与业务流程架构文档.docx"
"02_架构设计与技术规范","MVP 0.5 相关历史",".docx","26.3","2026-03-21 07:28","EOR MVP 游戏调试打印规范.docx","MVP 046功能基线文档\02 架构师输出\ACT-00 架构设计文档\MVP 0.5 +\EOR MVP 游戏调试打印规范.docx"
"02_架构设计与技术规范","MVP 0.5 相关历史",".docx","24.6","2026-03-20 15:36","EOR MVP 游戏输出规范.docx","MVP 046功能基线文档\02 架构师输出\ACT-00 架构设计文档\MVP 0.5 +\EOR MVP 游戏输出规范.docx"
"02_架构设计与技术规范","MVP 0.5 相关历史",".docx","46.7","2026-02-21 23:13","EOR MVP 版本开发任务书.docx","MVP 046功能基线文档\02 架构师输出\ACT-00 架构设计文档\MVP 0.5 +\EOR MVP 版本开发任务书.docx"
"02_架构设计与技术规范","MVP 0.5 相关历史",".docx","25.9","2026-02-24 20:22","《罗马鹰旗》（EOR）MVP0.5-MVP1.0 分阶段功能清单.docx","MVP 046功能基线文档\02 架构师输出\ACT-01 MVP0.5 游戏功能文档\《罗马鹰旗》（EOR）MVP0.5-MVP1.0 分阶段功能清单.docx"
"02_架构设计与技术规范","MVP 0.5 相关历史",".docx","21.7","2026-02-26 10:28","02-26关于配置文件顶层节点划分的说明.docx","MVP 046功能基线文档\02 架构师输出\ACT-01 MVP0.5 游戏功能文档\02-26关于配置文件顶层节点划分的说明.docx"
"02_架构设计与技术规范","MVP 0.5 相关历史",".png","533.7","2026-02-21 22:29","2.1 公地私地收支流程.png","MVP 046功能基线文档\02 架构师输出\ACT-01 MVP0.5 游戏功能文档\2.1 公地私地收支流程.png"
"02_架构设计与技术规范","MVP 0.5 相关历史",".docx","26.4","2026-02-23 22:11","2月23日开发评审与架构更新.docx","MVP 046功能基线文档\02 架构师输出\ACT-01 MVP0.5 游戏功能文档\2月23日开发评审与架构更新.docx"
"02_架构设计与技术规范","MVP 0.5 相关历史",".docx","23.4","2026-02-24 20:02","EOR MVP 0.5 项目指引（给新任主程序员 DS003）.docx","MVP 046功能基线文档\02 架构师输出\ACT-01 MVP0.5 游戏功能文档\EOR MVP 0.5 项目指引（给新任主程序员 DS003）.docx"
"02_架构设计与技术规范","MVP 0.5 相关历史",".docx","25.5","2026-02-26 12:09","EOR MVP 0.5 项目指引（给新任主程序员 DS004）.docx","MVP 046功能基线文档\02 架构师输出\ACT-01 MVP0.5 游戏功能文档\EOR MVP 0.5 项目指引（给新任主程序员 DS004）.docx"
"02_架构设计与技术规范","MVP 0.5 相关历史",".docx","29.6","2026-02-27 16:15","EOR MVP 0.5 项目指引（给新任主程序员 DS005）.docx","MVP 046功能基线文档\02 架构师输出\ACT-01 MVP0.5 游戏功能文档\EOR MVP 0.5 项目指引（给新任主程序员 DS005）.docx"
"02_架构设计与技术规范","MVP 0.5 相关历史",".docx","31.6","2026-03-01 09:03","EOR MVP 0.5 项目指引（给新任主程序员 DS007）.docx","MVP 046功能基线文档\02 架构师输出\ACT-01 MVP0.5 游戏功能文档\EOR MVP 0.5 项目指引（给新任主程序员 DS007）.docx"
"02_架构设计与技术规范","MVP 0.5 相关历史",".docx","21.9","2026-03-02 10:08","EOR MVP 0.5 项目指引（给新任主程序员 DS008）.docx","MVP 046功能基线文档\02 架构师输出\ACT-01 MVP0.5 游戏功能文档\EOR MVP 0.5 项目指引（给新任主程序员 DS008）.docx"
"02_架构设计与技术规范","MVP 0.5 相关历史",".docx","28.1","2026-03-02 20:28","EOR MVP 0.5 项目指引（给新任主程序员 DS009）.docx","MVP 046功能基线文档\02 架构师输出\ACT-01 MVP0.5 游戏功能文档\EOR MVP 0.5 项目指引（给新任主程序员 DS009）.docx"
"02_架构设计与技术规范","MVP 0.5 相关历史",".docx","18.9","2026-03-03 20:06","MVP07-1.01 关于停战议和技术问题的答复.docx","MVP 046功能基线文档\02 架构师输出\ACT-01 MVP0.5 游戏功能文档\MVP07-1.01 关于停战议和技术问题的答复.docx"
"02_架构设计与技术规范","MVP 0.5 相关历史",".docx","20.2","2026-03-05 21:18","对DS011问题的答复补充（架构师评估）.docx","MVP 046功能基线文档\02 架构师输出\ACT-01 MVP0.5 游戏功能文档\对DS011问题的答复补充（架构师评估）.docx"
"02_架构设计与技术规范","MVP 0.5 相关历史",".docx","17.8","2026-02-26 18:02","架构师审核意见（2026-02-26）.docx","MVP 046功能基线文档\02 架构师输出\ACT-01 MVP0.5 游戏功能文档\架构师审核意见（2026-02-26）.docx"
"02_架构设计与技术规范","MVP 0.5 相关历史",".txt","20.2","2026-02-22 10:24","架构师-开发员的指令集.txt","MVP 046功能基线文档\02 架构师输出\ACT-01 MVP0.5 游戏功能文档\架构师-开发员的指令集.txt"
"02_架构设计与技术规范","MVP 0.5 相关历史",".png","772.7","2026-02-21 22:25","核心实体关系图（ERD）.png","MVP 046功能基线文档\02 架构师输出\ACT-01 MVP0.5 游戏功能文档\核心实体关系图（ERD）.png"
"02_架构设计与技术规范","MVP 0.5 相关历史",".png","1086.7","2026-02-21 22:22","版本架构总览图.png","MVP 046功能基线文档\02 架构师输出\ACT-01 MVP0.5 游戏功能文档\版本架构总览图.png"
"02_架构设计与技术规范","MVP 0.5 相关历史",".txt","5.2","2026-02-22 18:34","策划师-架构师 路标版本规划指令.txt","MVP 046功能基线文档\02 架构师输出\ACT-01 MVP0.5 游戏功能文档\策划师-架构师 路标版本规划指令.txt"
"02_架构设计与技术规范","MVP 0.5 相关历史",".png","92.2","2026-02-21 23:10","里程碑顺序开发.png","MVP 046功能基线文档\02 架构师输出\ACT-01 MVP0.5 游戏功能文档\里程碑顺序开发.png"
"02_架构设计与技术规范","MVP 0.7 相关历史",".docx","30.5","2026-03-30 14:46","EOR MVP 命令系统架构设计文档（同步至MVP0.7）.docx","MVP 046功能基线文档\02 架构师输出\ACT-00 架构设计文档\EOR MVP 命令系统架构设计文档（同步至MVP0.7）.docx"
"02_架构设计与技术规范","MVP 0.7 相关历史",".docx","29.8","2026-03-30 16:06","EOR MVP 开发架构约束与注意事项（同步至MVP0.7）.docx","MVP 046功能基线文档\02 架构师输出\ACT-00 架构设计文档\EOR MVP 开发架构约束与注意事项（同步至MVP0.7）.docx"
"02_架构设计与技术规范","MVP 0.7 相关历史",".docx","61.6","2026-03-30 14:42","EOR MVP 架构设计总览 （同步至 MVP 0.7）.docx","MVP 046功能基线文档\02 架构师输出\ACT-00 架构设计文档\EOR MVP 架构设计总览 （同步至 MVP 0.7）.docx"
"02_架构设计与技术规范","MVP 0.7 相关历史",".docx","35.5","2026-03-30 13:35","EOR MVP 标准化接口设计文档 (同步至 MVP 0.7).docx","MVP 046功能基线文档\02 架构师输出\ACT-00 架构设计文档\EOR MVP 标准化接口设计文档 (同步至 MVP 0.7).docx"
"02_架构设计与技术规范","MVP 0.7 相关历史",".docx","50.4","2026-03-30 13:30","EOR MVP 核心实体架构设计文档 (同步至MVP 0.7).docx","MVP 046功能基线文档\02 架构师输出\ACT-00 架构设计文档\EOR MVP 核心实体架构设计文档 (同步至MVP 0.7).docx"
"02_架构设计与技术规范","MVP 0.7 相关历史",".docx","374.7","2026-03-30 14:11","EOR MVP 模块调用与业务流程架构文档 (同步至 MVP 0.7).docx","MVP 046功能基线文档\02 架构师输出\ACT-00 架构设计文档\EOR MVP 模块调用与业务流程架构文档 (同步至 MVP 0.7).docx"
"02_架构设计与技术规范","MVP 0.7 相关历史",".docx","32.2","2026-03-30 14:52","EOR MVP 游戏调试打印规范（同步至MVP 0.7）.docx","MVP 046功能基线文档\02 架构师输出\ACT-00 架构设计文档\EOR MVP 游戏调试打印规范（同步至MVP 0.7）.docx"
"02_架构设计与技术规范","MVP 0.7 相关历史",".docx","29.5","2026-03-03 19:40","EOR MVP 0.7 项目指引（给新任主程序员 DS010）.docx","MVP 046功能基线文档\02 架构师输出\ACT-01 MVP0.5 游戏功能文档\EOR MVP 0.7 项目指引（给新任主程序员 DS010）.docx"
"02_架构设计与技术规范","MVP 0.7 相关历史",".docx","25.6","2026-03-04 22:01","EOR MVP 0.7 项目指引（给新任主程序员 DS011）.docx","MVP 046功能基线文档\02 架构师输出\ACT-01 MVP0.5 游戏功能文档\EOR MVP 0.7 项目指引（给新任主程序员 DS011）.docx"
"02_架构设计与技术规范","MVP 0.7 相关历史",".docx","26.3","2026-03-03 19:33","MVP 0.7-1 实现停战和约机制（战争外交）.docx","MVP 046功能基线文档\02 架构师输出\ACT-01 MVP0.5 游戏功能文档\MVP 0.7-1 实现停战和约机制（战争外交）.docx"
"02_架构设计与技术规范","MVP 0.7 相关历史",".docx","22","2026-03-03 19:34","MVP 0.7-1停战和约机制设计说明.docx","MVP 046功能基线文档\02 架构师输出\ACT-01 MVP0.5 游戏功能文档\MVP 0.7-1停战和约机制设计说明.docx"
"02_架构设计与技术规范","MVP 0.7 相关历史",".docx","24.1","2026-03-12 19:28","EOR 游戏 CLI 用户界面设计项目指引（归档）.docx","MVP 046功能基线文档\02 架构师输出\ACT-02 MVP 0.7 CLI-UI功能文档\EOR 游戏 CLI 用户界面设计项目指引（归档）.docx"
"02_架构设计与技术规范","MVP 0.7 相关历史",".docx","21.5","2026-03-14 13:53","EOR 项目开发任务指引：阶段3 广场阶段交互（ DS019）.docx","MVP 046功能基线文档\02 架构师输出\ACT-02 MVP 0.7 CLI-UI功能文档\EOR 项目开发任务指引：阶段3 广场阶段交互（ DS019）.docx"
"02_架构设计与技术规范","MVP 0.7 相关历史",".docx","24.5","2026-03-13 21:01","开发任务指令：阶段0 - 准备与基础解耦.docx","MVP 046功能基线文档\02 架构师输出\ACT-02 MVP 0.7 CLI-UI功能文档\开发任务指令：阶段0 - 准备与基础解耦.docx"
"02_架构设计与技术规范","MVP 0.7 相关历史",".docx","22.7","2026-03-13 21:09","开发任务指令：阶段1 - 新 UI 基础框架.docx","MVP 046功能基线文档\02 架构师输出\ACT-02 MVP 0.7 CLI-UI功能文档\开发任务指令：阶段1 - 新 UI 基础框架.docx"
"02_架构设计与技术规范","MVP 0.7 相关历史",".docx","24.3","2026-03-14 08:18","开发任务指令：阶段2 - 玩家轮流与权限控制.docx","MVP 046功能基线文档\02 架构师输出\ACT-02 MVP 0.7 CLI-UI功能文档\开发任务指令：阶段2 - 玩家轮流与权限控制.docx"
"02_架构设计与技术规范","MVP 0.7 相关历史",".docx","26","2026-03-14 10:22","开发任务指令：阶段3 - 广场阶段交互.docx","MVP 046功能基线文档\02 架构师输出\ACT-02 MVP 0.7 CLI-UI功能文档\开发任务指令：阶段3 - 广场阶段交互.docx"
"02_架构设计与技术规范","MVP 0.7 相关历史",".docx","21.4","2026-03-13 21:15","架构设计补充 国际化（i18n）支持.docx","MVP 046功能基线文档\02 架构师输出\ACT-02 MVP 0.7 CLI-UI功能文档\架构设计补充 国际化（i18n）支持.docx"
"02_架构设计与技术规范","MVP 0.7 相关历史",".docx","28.1","2026-03-11 15:55","EOR MVP 0.7 天命模块项目指引（给新任主程序员 DS015）.docx","MVP 046功能基线文档\02 架构师输出\ACT-02 MVP0.7 游戏功能文档\EOR MVP 0.7 天命模块项目指引（给新任主程序员 DS015）.docx"
"02_架构设计与技术规范","MVP 0.7 相关历史",".docx","30.3","2026-03-10 07:31","EOR MVP 0.7 战争模块项目指引（给新任主程序员 DS014）.docx","MVP 046功能基线文档\02 架构师输出\ACT-02 MVP0.7 游戏功能文档\EOR MVP 0.7 战争模块项目指引（给新任主程序员 DS014）.docx"
"02_架构设计与技术规范","MVP 0.7 相关历史",".docx","24.1","2026-03-06 21:10","EOR MVP 0.7 项目指引（给新任主程序员 DS012）.docx","MVP 046功能基线文档\02 架构师输出\ACT-02 MVP0.7 游戏功能文档\EOR MVP 0.7 项目指引（给新任主程序员 DS012）.docx"
"02_架构设计与技术规范","MVP 0.7 相关历史",".docx","21.4","2026-03-11 17:16","EOR 游戏可维护性增强任务项目指引（给DS016新主程序员）.docx","MVP 046功能基线文档\02 架构师输出\ACT-02 MVP0.7 游戏功能文档\EOR 游戏可维护性增强任务项目指引（给DS016新主程序员）.docx"
"02_架构设计与技术规范","MVP 0.7 相关历史",".docx","38.8","2026-03-06 00:04","MVP 0.7-2 行省扩张机制与设计说明.docx","MVP 046功能基线文档\02 架构师输出\ACT-02 MVP0.7 游戏功能文档\MVP 0.7-2 行省扩张机制与设计说明.docx"
"02_架构设计与技术规范","MVP 0.7 相关历史",".docx","23.4","2026-03-08 19:46","MVP 0.7-3 国家运营费功能机制与设计说明书.docx","MVP 046功能基线文档\02 架构师输出\ACT-02 MVP0.7 游戏功能文档\MVP 0.7-3 国家运营费功能机制与设计说明书.docx"
"02_架构设计与技术规范","MVP 0.7 相关历史",".docx","21.3","2026-03-11 20:47","任务指引：平滑迁移 Province 类至统一文件 DS017.docx","MVP 046功能基线文档\02 架构师输出\ACT-02 MVP0.7 游戏功能文档\任务指引：平滑迁移 Province 类至统一文件 DS017.docx"
"02_架构设计与技术规范","MVP 0.7 相关历史",".xlsx","11.2","2026-03-11 08:41","天命模块的可扩展性需求.xlsx","MVP 046功能基线文档\02 架构师输出\ACT-02 MVP0.7 游戏功能文档\天命模块的可扩展性需求.xlsx"
"02_架构设计与技术规范","MVP 0.7 相关历史",".xlsx","14.2","2026-03-09 20:57","战争相关的可扩展性需求.xlsx","MVP 046功能基线文档\02 架构师输出\ACT-02 MVP0.7 游戏功能文档\战争相关的可扩展性需求.xlsx"
"02_架构设计与技术规范","MVP 0.7 相关历史",".xlsx","11.6","2026-03-07 00:02","经济模块的可扩展性需求.xlsx","MVP 046功能基线文档\02 架构师输出\ACT-02 MVP0.7 游戏功能文档\经济模块的可扩展性需求.xlsx"
"02_架构设计与技术规范","MVP 0.7 相关历史",".xlsx","15.9","2026-03-06 20:35","行省相关的可扩展性需求.xlsx","MVP 046功能基线文档\02 架构师输出\ACT-02 MVP0.7 游戏功能文档\行省相关的可扩展性需求.xlsx"
"02_架构设计与技术规范","MVP 0.7 相关历史",".docx","15.2","2026-03-16 09:05","ACT-03架构师关于API接口文档问题的答复.docx","MVP 046功能基线文档\02 架构师输出\ACT-03 MVP 0.7 广场功能接口搬迁\ACT-03架构师关于API接口文档问题的答复.docx"
"02_架构设计与技术规范","MVP 0.7 相关历史",".docx","21.5","2026-03-16 18:33","恢复 MVP 0.7-07“天降猛男”功能.docx","MVP 046功能基线文档\02 架构师输出\ACT-03 MVP 0.7 广场功能接口搬迁\恢复 MVP 0.7-07“天降猛男”功能.docx"
"02_架构设计与技术规范","MVP 0.7 相关历史",".docx","20.6","2026-03-16 10:15","技术债务优化——决策器与命令层职责边界清理 + 日志标准化 （DS021）.docx","MVP 046功能基线文档\02 架构师输出\ACT-03 MVP 0.7 广场功能接口搬迁\技术债务优化——决策器与命令层职责边界清理 + 日志标准化 （DS021）.docx"
"02_架构设计与技术规范","MVP 0.7 相关历史",".docx","19.8","2026-03-15 10:21","阶段3 开发任务指令 -步骤1 配置开关与权限检查绕过.docx","MVP 046功能基线文档\02 架构师输出\ACT-03 MVP 0.7 广场功能接口搬迁\阶段3 开发任务指令 -步骤1 配置开关与权限检查绕过.docx"
"02_架构设计与技术规范","MVP 0.7 相关历史",".docx","27.1","2026-03-15 10:52","阶段3 开发任务指令-步骤2 广场阶段支持三种运行模式.docx","MVP 046功能基线文档\02 架构师输出\ACT-03 MVP 0.7 广场功能接口搬迁\阶段3 开发任务指令-步骤2 广场阶段支持三种运行模式.docx"
"02_架构设计与技术规范","MVP 0.7 相关历史",".docx","19.8","2026-03-15 09:23","阶段3遗留问题——实时显示优化.docx","MVP 046功能基线文档\02 架构师输出\ACT-03 MVP 0.7 广场功能接口搬迁\阶段3遗留问题——实时显示优化.docx"
"02_架构设计与技术规范","MVP 0.7 相关历史",".docx","20.8","2026-03-20 15:39","EOR 项目后续开发指引 TO DS023.docx","MVP 046功能基线文档\02 架构师输出\ACT-04 MVP 0.7 人口功能接口搬迁\EOR 项目后续开发指引 TO DS023.docx"
"02_架构设计与技术规范","MVP 0.7 相关历史",".docx","21.4","2026-03-28 15:51","EOR 项目阶段开发进度报告 ACT-04.docx","MVP 046功能基线文档\02 架构师输出\ACT-04 MVP 0.7 人口功能接口搬迁\EOR 项目阶段开发进度报告 ACT-04.docx"
"02_架构设计与技术规范","MVP 0.7 相关历史",".docx","21.5","2026-03-17 10:43","人口阶段（Phase 4）开发任务 4.1 基础准备.docx","MVP 046功能基线文档\02 架构师输出\ACT-04 MVP 0.7 人口功能接口搬迁\人口阶段（Phase 4）开发任务 4.1 基础准备.docx"
"02_架构设计与技术规范","MVP 0.7 相关历史",".docx","20.5","2026-03-17 10:44","人口阶段（Phase 4）开发任务 4.2 任务指令.docx","MVP 046功能基线文档\02 架构师输出\ACT-04 MVP 0.7 人口功能接口搬迁\人口阶段（Phase 4）开发任务 4.2 任务指令.docx"
"02_架构设计与技术规范","MVP 0.7 相关历史",".docx","21.5","2026-03-20 11:19","完善决策器日志输出，增强可调试性.docx","MVP 046功能基线文档\02 架构师输出\ACT-04 MVP 0.7 人口功能接口搬迁\完善决策器日志输出，增强可调试性.docx"
"02_架构设计与技术规范","MVP 0.7 相关历史",".docx","26.3","2026-03-17 10:18","阶段04 人口阶段 交互开发任务指导书.docx","MVP 046功能基线文档\02 架构师输出\ACT-04 MVP 0.7 人口功能接口搬迁\阶段04 人口阶段 交互开发任务指导书.docx"
"02_架构设计与技术规范","MVP 0.7 相关历史",".docx","16.9","2026-03-18 23:54","阶段3+4 架构师经验教训.docx","MVP 046功能基线文档\02 架构师输出\ACT-04 MVP 0.7 人口功能接口搬迁\阶段3+4 架构师经验教训.docx"
"02_架构设计与技术规范","MVP 0.7 相关历史",".docx","23.8","2026-03-19 00:44","阶段4.2代码对齐MVP 0.7基线功能清单.docx","MVP 046功能基线文档\02 架构师输出\ACT-04 MVP 0.7 人口功能接口搬迁\阶段4.2代码对齐MVP 0.7基线功能清单.docx"
"02_架构设计与技术规范","MVP 0.7 相关历史",".docx","20.2","2026-03-21 07:53","ACT-05优先阅读代码清单.docx","MVP 046功能基线文档\02 架构师输出\ACT-05 MVP 0.7 元老院功能接口搬迁\ACT-05优先阅读代码清单.docx"
"02_架构设计与技术规范","MVP 0.7 相关历史",".docx","27.8","2026-03-22 05:58","EOR MVP 项目DS026接手指引——元老院阶段改造（任务5+6）.docx","MVP 046功能基线文档\02 架构师输出\ACT-05 MVP 0.7 元老院功能接口搬迁\EOR MVP 项目DS026接手指引——元老院阶段改造（任务5+6）.docx"
"02_架构设计与技术规范","MVP 0.7 相关历史",".docx","26.2","2026-03-21 14:05","元老院阶段 CLI-UI 改造任务分解与总体计划 to DS025.docx","MVP 046功能基线文档\02 架构师输出\ACT-05 MVP 0.7 元老院功能接口搬迁\元老院阶段 CLI-UI 改造任务分解与总体计划 to DS025.docx"
"02_架构设计与技术规范","MVP 0.7 相关历史",".docx","21.1","2026-03-21 15:08","开发指令 - 元老院阶段改造 - 任务2 - 状态机基础框架.docx","MVP 046功能基线文档\02 架构师输出\ACT-05 MVP 0.7 元老院功能接口搬迁\开发指令 - 元老院阶段改造 - 任务2 - 状态机基础框架.docx"
"02_架构设计与技术规范","MVP 0.7 相关历史",".docx","24.6","2026-03-21 16:04","开发指令 - 元老院阶段改造 - 任务3：API 层实现.docx","MVP 046功能基线文档\02 架构师输出\ACT-05 MVP 0.7 元老院功能接口搬迁\开发指令 - 元老院阶段改造 - 任务3：API 层实现.docx"
"02_架构设计与技术规范","MVP 0.7 相关历史",".docx","19.9","2026-03-21 17:07","开发指令 - 元老院阶段改造 - 任务4 - 手动模式支持提案环节及优化.docx","MVP 046功能基线文档\02 架构师输出\ACT-05 MVP 0.7 元老院功能接口搬迁\开发指令 - 元老院阶段改造 - 任务4 - 手动模式支持提案环节及优化.docx"
"02_架构设计与技术规范","MVP 0.7 相关历史",".docx","25.4","2026-03-22 06:09","开发指令 - 元老院阶段改造 - 子任务5.0 - 数据流统一.docx","MVP 046功能基线文档\02 架构师输出\ACT-05 MVP 0.7 元老院功能接口搬迁\开发指令 - 元老院阶段改造 - 子任务5.0 - 数据流统一.docx"
"02_架构设计与技术规范","MVP 0.7 相关历史",".docx","25.3","2026-03-22 08:51","开发指令 - 元老院阶段改造 - 子任务5.0+ 提案生成统一（解决遗留问题）.docx","MVP 046功能基线文档\02 架构师输出\ACT-05 MVP 0.7 元老院功能接口搬迁\开发指令 - 元老院阶段改造 - 子任务5.0+ 提案生成统一（解决遗留问题）.docx"
"02_架构设计与技术规范","MVP 0.7 相关历史",".docx","23.5","2026-03-21 14:12","项目开发任务指引——元老院阶段 CLI-UI 改造.docx","MVP 046功能基线文档\02 架构师输出\ACT-05 MVP 0.7 元老院功能接口搬迁\项目开发任务指引——元老院阶段 CLI-UI 改造.docx"
"02_架构设计与技术规范","MVP 0.7 相关历史",".docx","18.8","2026-03-22 16:25","ACT-06 的最小代码文件清单.docx","MVP 046功能基线文档\02 架构师输出\ACT-06 MVP 0.7 广场阶段接口搬迁\ACT-06 的最小代码文件清单.docx"
"02_架构设计与技术规范","MVP 0.7 相关历史",".docx","25.7","2026-03-13 20:08","EOR CLI-UI 渐进式架构重构迁移计划.docx","MVP 046功能基线文档\02 架构师输出\ACT-06 MVP 0.7 广场阶段接口搬迁\EOR CLI-UI 渐进式架构重构迁移计划.docx"
"02_架构设计与技术规范","MVP 0.7 相关历史",".docx","55.9","2026-03-12 19:13","EOR CLI-UI 游戏UI迭代开发方案.docx","MVP 046功能基线文档\02 架构师输出\ACT-06 MVP 0.7 广场阶段接口搬迁\EOR CLI-UI 游戏UI迭代开发方案.docx"
"02_架构设计与技术规范","MVP 0.7 相关历史",".docx","31.3","2026-03-22 17:52","EOR MVP 开发指令 - 元老院阶段改造（任务5+6 + 停战草案完整处理）.docx","MVP 046功能基线文档\02 架构师输出\ACT-06 MVP 0.7 广场阶段接口搬迁\EOR MVP 开发指令 - 元老院阶段改造（任务5+6 + 停战草案完整处理）.docx"
"02_架构设计与技术规范","MVP 0.7 相关历史",".docx","27.5","2026-03-17 09:32","EOR MVP0.7 代码模块架构说明.docx","MVP 046功能基线文档\02 架构师输出\ACT-06 MVP 0.7 广场阶段接口搬迁\EOR MVP0.7 代码模块架构说明.docx"
"02_架构设计与技术规范","MVP 0.7 相关历史",".docx","22.1","2026-03-27 17:21","EOR 项目开发指引：合同系统功能升级（DS030）.docx","MVP 046功能基线文档\02 架构师输出\ACT-06 MVP 0.7 广场阶段接口搬迁\EOR 项目开发指引：合同系统功能升级（DS030）.docx"
"02_架构设计与技术规范","MVP 0.7 相关历史",".docx","23.4","2026-03-24 19:39","MVP 0.7 文档更新策略与方法.docx","MVP 046功能基线文档\02 架构师输出\ACT-06 MVP 0.7 广场阶段接口搬迁\MVP 0.7 文档更新策略与方法.docx"
"02_架构设计与技术规范","MVP 0.7 相关历史",".docx","25.7","2026-03-28 13:06","广场阶段架构整改方案：统一数据流与决策器分离 ACT-06.docx","MVP 046功能基线文档\02 架构师输出\ACT-06 MVP 0.7 广场阶段接口搬迁\广场阶段架构整改方案：统一数据流与决策器分离 ACT-06.docx"
"02_架构设计与技术规范","MVP 0.7 相关历史",".docx","21.8","2026-03-23 18:43","开发任务指令 行省总督候选人资格校验统一化.docx","MVP 046功能基线文档\02 架构师输出\ACT-06 MVP 0.7 广场阶段接口搬迁\开发任务指令 行省总督候选人资格校验统一化.docx"
"02_架构设计与技术规范","MVP 0.7 相关历史",".docx","19.9","2026-03-28 13:12","开发任务指令：完善 forum_api 函数（步骤1）.docx","MVP 046功能基线文档\02 架构师输出\ACT-06 MVP 0.7 广场阶段接口搬迁\开发任务指令：完善 forum_api 函数（步骤1）.docx"
"02_架构设计与技术规范","MVP 0.7 相关历史",".docx","20.2","2026-03-28 13:59","开发任务指令：广场阶段自动模式决策器调用点改造（步骤2）.docx","MVP 046功能基线文档\02 架构师输出\ACT-06 MVP 0.7 广场阶段接口搬迁\开发任务指令：广场阶段自动模式决策器调用点改造（步骤2）.docx"
"02_架构设计与技术规范","MVP 0.7 相关历史",".png","1155.3","2026-03-17 09:34","系统模块架构图.png","MVP 046功能基线文档\02 架构师输出\ACT-06 MVP 0.7 广场阶段接口搬迁\系统模块架构图.png"
"02_架构设计与技术规范","MVP 0.7 相关历史",".docx","24.9","2026-03-30 15:09","MVP 0.7 功能增量清单.docx","MVP 046功能基线文档\02 架构师输出\MVP 0.7 功能增量清单.docx"
"02_架构设计与技术规范","未标明版本",".docx","28","2026-02-17 12:15","05 EOR_开发指南.docx","Archive\05 EOR_开发指南.docx"
"02_架构设计与技术规范","未标明版本",".docx","26.9","2026-02-17 13:31","指令1-交付件1 EOR Command命令体系架构设计细化文档_V1.1.docx","Archive\指令1-交付件1 EOR Command命令体系架构设计细化文档_V1.1.docx"
"02_架构设计与技术规范","未标明版本",".docx","580.8","2026-02-15 20:18","EOR开发模块与程序架构.docx","EOR开发模块与程序架构.docx"
"02_架构设计与技术规范","未标明版本",".docx","575.2","2026-02-01 10:34","罗马鹰旗游戏架构说明书（过时）.docx","罗马鹰旗游戏架构说明书（过时）.docx"
"03_开发任务与交接报告","MVP 0.4.5",".docx","25.4","2026-02-18 19:50","EOR 项目软件优化整改经验总结.docx","MVP 045整改项目文档\01 项目管理文档\EOR 项目软件优化整改经验总结.docx"
"03_开发任务与交接报告","MVP 0.4.5",".txt","18.2","2026-02-19 20:13","开发指令10完成报告.txt","MVP 045整改项目文档\03 程序开发文档\10 迁移系统配置组功能命令至新框架\开发指令10完成报告.txt"
"03_开发任务与交接报告","MVP 0.4.5",".txt","30.6","2026-02-19 20:37","指令11完成报告.txt","MVP 045整改项目文档\03 程序开发文档\11 迁移回合控制组功能命令至新框架\指令11完成报告.txt"
"03_开发任务与交接报告","MVP 0.4.5",".txt","2","2026-02-17 16:55","指令1-1完成总结.txt","MVP 045整改项目文档\03 程序开发文档\1-1\指令1-1完成总结.txt"
"03_开发任务与交接报告","MVP 0.4.5",".txt","16.7","2026-02-19 20:46","指令12完成报告.txt","MVP 045整改项目文档\03 程序开发文档\12 迁移Forum阶段功能组命令至新框架\指令12完成报告.txt"
"03_开发任务与交接报告","MVP 0.4.5",".txt","0.4","2026-02-17 17:25","指令1-2 完成报告.txt","MVP 045整改项目文档\03 程序开发文档\1-2\指令1-2 完成报告.txt"
"03_开发任务与交接报告","MVP 0.4.5",".txt","17.8","2026-02-19 20:58","指令13完成报告.txt","MVP 045整改项目文档\03 程序开发文档\13 迁移 Population阶段功能组命令至新框架\指令13完成报告.txt"
"03_开发任务与交接报告","MVP 0.4.5",".txt","8.2","2026-02-17 18:16","指令1-3 完成报告.txt","MVP 045整改项目文档\03 程序开发文档\1-3\指令1-3 完成报告.txt"
"03_开发任务与交接报告","MVP 0.4.5",".txt","21.2","2026-02-19 21:22","指令14完成报告.txt","MVP 045整改项目文档\03 程序开发文档\14 迁移军事组功能命令至新框架\指令14完成报告.txt"
"03_开发任务与交接报告","MVP 0.4.5",".txt","35.1","2026-02-20 20:38","指令15完成报告.txt","MVP 045整改项目文档\03 程序开发文档\15 迁移合同组功能命令至新框架\指令15完成报告.txt"
"03_开发任务与交接报告","MVP 0.4.5",".txt","16.6","2026-02-22 11:19","指令16完成报告.txt","MVP 045整改项目文档\03 程序开发文档\16 迁移土地交易组功能命令至新框架\指令16完成报告.txt"
"03_开发任务与交接报告","MVP 0.4.5",".txt","4.5","2026-02-17 19:42","指令2完成报告.txt","MVP 045整改项目文档\03 程序开发文档\2.0\指令2完成报告.txt"
"03_开发任务与交接报告","MVP 0.4.5",".txt","9.5","2026-02-17 20:07","指令3完成报告.txt","MVP 045整改项目文档\03 程序开发文档\3.0 天命阶段迁移\指令3完成报告.txt"
"03_开发任务与交接报告","MVP 0.4.5",".txt","10.9","2026-02-17 21:03","指令5 完成报告.txt","MVP 045整改项目文档\03 程序开发文档\5.0 广场阶段迁移\指令5 完成报告.txt"
"03_开发任务与交接报告","MVP 0.4.5",".txt","9.1","2026-02-17 21:12","指令6 完成报告.txt","MVP 045整改项目文档\03 程序开发文档\6.0 人口阶段迁移\指令6 完成报告.txt"
"03_开发任务与交接报告","MVP 0.4.5",".txt","47.2","2026-02-17 22:01","指令7完成报告.txt","MVP 045整改项目文档\03 程序开发文档\7.0 元老阶段迁移\指令7完成报告.txt"
"03_开发任务与交接报告","MVP 0.4.5",".txt","15.1","2026-02-18 20:07","指令8完成报告.txt","MVP 045整改项目文档\03 程序开发文档\8.0 战争阶段迁移\指令8完成报告.txt"
"03_开发任务与交接报告","MVP 0.4.5",".txt","17","2026-02-18 20:33","指令9完成报告.txt","MVP 045整改项目文档\03 程序开发文档\9.0 抉择阶段迁移\指令9完成报告.txt"
"03_开发任务与交接报告","MVP 0.4.6",".docx","15.6","2026-02-21 19:42","EOR 项目整改协作交流备忘录.docx","MVP 046功能基线文档\00 项目输入包\EOR 项目整改协作交流备忘录.docx"
"03_开发任务与交接报告","MVP 0.4.6",".txt","3","2026-02-21 23:32","EOR游戏策划师 指令MOM.txt","MVP 046功能基线文档\01 策划师输出\EOR游戏策划师 指令MOM.txt"
"03_开发任务与交接报告","MVP 0.4.6",".docx","24","2026-03-28 16:22","EOR 项目工作交接报告 ACT-06 to ACT-07.docx","MVP 046功能基线文档\02 架构师输出\EOR 项目工作交接报告 ACT-06 to ACT-07.docx"
"03_开发任务与交接报告","MVP 0.4.6",".docx","25","2026-03-30 15:13","EOR 项目开发进展报告 ACT-07.docx","MVP 046功能基线文档\02 架构师输出\EOR 项目开发进展报告 ACT-07.docx"
"03_开发任务与交接报告","MVP 0.4.6",".txt","0.4","2026-03-16 10:49","MOM 0316.txt","MVP 046功能基线文档\MOM 0316.txt"
"03_开发任务与交接报告","MVP 0.5 相关历史",".docx","34","2026-03-04 07:50","EOR 项目工作交接报告 (To ACT-02).docx","MVP 046功能基线文档\02 架构师输出\ACT-01 MVP0.5 游戏功能文档\EOR 项目工作交接报告 (To ACT-02).docx"
"03_开发任务与交接报告","MVP 0.5 相关历史",".docx","22.3","2026-03-28 15:52","EOR 项目开发进展报告 ACT-05 元老院阶段改造.docx","MVP 046功能基线文档\02 架构师输出\ACT-01 MVP0.5 游戏功能文档\EOR 项目开发进展报告 ACT-05 元老院阶段改造.docx"
"03_开发任务与交接报告","MVP 0.5 相关历史",".docx","34.5","2026-03-06 19:13","EOR 项目阶段性总结工作报告 ACT-01.docx","MVP 046功能基线文档\02 架构师输出\ACT-01 MVP0.5 游戏功能文档\EOR 项目阶段性总结工作报告 ACT-01.docx"
"03_开发任务与交接报告","MVP 0.7 相关历史",".docx","28.8","2026-03-15 08:33","EOR MVP 0.7项目阶段性总结工作报告.docx","MVP 046功能基线文档\02 架构师输出\ACT-02 MVP 0.7 CLI-UI功能文档\EOR MVP 0.7项目阶段性总结工作报告.docx"
"03_开发任务与交接报告","MVP 0.7 相关历史",".docx","111.7","2026-03-09 20:52","MVP 0.7-4 战争模块整体机制与设计说明书 (DS013工作交接报告）.docx","MVP 046功能基线文档\02 架构师输出\ACT-02 MVP0.7 游戏功能文档\MVP 0.7-4 战争模块整体机制与设计说明书 (DS013工作交接报告）.docx"
"03_开发任务与交接报告","MVP 0.7 相关历史",".docx","34","2026-03-15 21:14","EOR 项目工作交接报告 (To ACT-03).docx","MVP 046功能基线文档\02 架构师输出\ACT-03 MVP 0.7 广场功能接口搬迁\EOR 项目工作交接报告 (To ACT-03).docx"
"03_开发任务与交接报告","MVP 0.7 相关历史",".docx","24.1","2026-03-16 13:49","EOR 项目工作交接文档 ACT-03 to ACT-04.docx","MVP 046功能基线文档\02 架构师输出\ACT-03 MVP 0.7 广场功能接口搬迁\EOR 项目工作交接文档 ACT-03 to ACT-04.docx"
"03_开发任务与交接报告","MVP 0.7 相关历史",".docx","23.2","2026-03-16 14:45","EOR 项目开发进展报告（截至 2026-03-16）.docx","MVP 046功能基线文档\02 架构师输出\ACT-03 MVP 0.7 广场功能接口搬迁\EOR 项目开发进展报告（截至 2026-03-16）.docx"
"03_开发任务与交接报告","MVP 0.7 相关历史",".docx","24.6","2026-03-15 17:21","阶段3（广场阶段）剩余问题交接与开发指引.docx","MVP 046功能基线文档\02 架构师输出\ACT-03 MVP 0.7 广场功能接口搬迁\阶段3（广场阶段）剩余问题交接与开发指引.docx"
"03_开发任务与交接报告","MVP 0.7 相关历史",".docx","16.5","2026-03-15 13:28","阶段3开发报告中发现的问题.docx","MVP 046功能基线文档\02 架构师输出\ACT-03 MVP 0.7 广场功能接口搬迁\阶段3开发报告中发现的问题.docx"
"03_开发任务与交接报告","MVP 0.7 相关历史",".docx","27.4","2026-03-21 07:48","EOR 项目工作交接报告 ACT-04 to ACT-05.docx","MVP 046功能基线文档\02 架构师输出\ACT-04 MVP 0.7 人口功能接口搬迁\EOR 项目工作交接报告 ACT-04 to ACT-05.docx"
"03_开发任务与交接报告","MVP 0.7 相关历史",".docx","24.6","2026-03-17 10:19","EOR 项目开发指引与任务交接 To DS022.docx","MVP 046功能基线文档\02 架构师输出\ACT-04 MVP 0.7 人口功能接口搬迁\EOR 项目开发指引与任务交接 To DS022.docx"
"03_开发任务与交接报告","MVP 0.7 相关历史",".docx","27","2026-03-22 16:16","EOR 项目工作交接报告（to ACT-06）.docx","MVP 046功能基线文档\02 架构师输出\ACT-05 MVP 0.7 元老院功能接口搬迁\EOR 项目工作交接报告（to ACT-06）.docx"
"03_开发任务与交接报告","MVP 0.7 相关历史",".docx","24.6","2026-03-28 15:48","EOR 项目开发进展报告 ACT-06（截至 2026-03-28）.docx","MVP 046功能基线文档\02 架构师输出\ACT-06 MVP 0.7 广场阶段接口搬迁\EOR 项目开发进展报告 ACT-06（截至 2026-03-28）.docx"
"03_开发任务与交接报告","MVP 0.7 相关历史",".docx","19.7","2026-03-22 21:52","审核意见 - 元老院阶段改造（任务5+6）开发报告与代码.docx","MVP 046功能基线文档\02 架构师输出\ACT-06 MVP 0.7 广场阶段接口搬迁\审核意见 - 元老院阶段改造（任务5+6）开发报告与代码.docx"
"04_测试日志与缺陷修复","MVP 0.2",".txt","3.7","2026-02-01 17:45","mvp 0.2 test result.txt","Test Log\mvp 0.2 test result.txt"
"04_测试日志与缺陷修复","MVP 0.2",".txt","3.8","2026-02-01 18:03","mvp 0.2.1 test result.txt","Test Log\mvp 0.2.1 test result.txt"
"04_测试日志与缺陷修复","MVP 0.2",".txt","3.5","2026-02-01 18:21","mvp 0.2.2 - 执政官不能再投票.txt","Test Log\mvp 0.2.2 - 执政官不能再投票.txt"
"04_测试日志与缺陷修复","MVP 0.2",".txt","7.3","2026-02-01 18:30","mvp 0.2.3 - 执政官不能连续参选.txt","Test Log\mvp 0.2.3 - 执政官不能连续参选.txt"
"04_测试日志与缺陷修复","MVP 0.2",".txt","8.3","2026-02-01 19:19","mvp 0.2.4 - 两名候选人来自同一派系怎么选.txt","Test Log\mvp 0.2.4 - 两名候选人来自同一派系怎么选.txt"
"04_测试日志与缺陷修复","MVP 0.2",".txt","2.3","2026-02-01 19:43","mvp 0.2.5 - 执政官冷冻期可调.txt","Test Log\mvp 0.2.5 - 执政官冷冻期可调.txt"
"04_测试日志与缺陷修复","MVP 0.2",".txt","4.3","2026-02-01 19:49","mvp 0.2.6 - 下回合出错.txt","Test Log\mvp 0.2.6 - 下回合出错.txt"
"04_测试日志与缺陷修复","MVP 0.2",".txt","15.9","2026-02-01 19:55","mvp 0.2.7 防误操作.txt","Test Log\mvp 0.2.7 防误操作.txt"
"04_测试日志与缺陷修复","MVP 0.2",".txt","8.1","2026-02-01 22:20","mvp 0.2.8 防误操作引入BUG.txt","Test Log\mvp 0.2.8 防误操作引入BUG.txt"
"04_测试日志与缺陷修复","MVP 0.3",".txt","17","2026-02-07 17:41","mvp 0.3.1 调试结果.txt","Test Log\mvp 0.3.1 调试结果.txt"
"04_测试日志与缺陷修复","MVP 0.3",".txt","17.5","2026-02-07 18:04","mvp 0.3.2 2场战争分配了军团，但是战场上却没有军团.txt","Test Log\mvp 0.3.2 2场战争分配了军团，但是战场上却没有军团.txt"
"04_测试日志与缺陷修复","MVP 0.3",".txt","19.9","2026-02-07 18:54","mvp 0.3.3 Combat没有跳过.txt","Test Log\mvp 0.3.3 Combat没有跳过.txt"
"04_测试日志与缺陷修复","MVP 0.3",".txt","36.7","2026-02-07 19:44","mvp 0.3.4 剧团解散.txt","Test Log\mvp 0.3.4 剧团解散.txt"
"04_测试日志与缺陷修复","MVP 0.3",".txt","33.8","2026-02-07 20:01","mvp 0.3.5 替换将领和军团.txt","Test Log\mvp 0.3.5 替换将领和军团.txt"
"04_测试日志与缺陷修复","MVP 0.3",".txt","37.9","2026-02-07 20:38","mvp 0.3.6 胜利后却没有结束战争.txt","Test Log\mvp 0.3.6 胜利后却没有结束战争.txt"
"04_测试日志与缺陷修复","MVP 0.4",".txt","15.7","2026-02-13 21:26","mvp 0.4.3 合同授予.txt","Test Log\mvp 0.4.3 合同授予.txt"
"04_测试日志与缺陷修复","MVP 0.4",".txt","12.3","2026-02-15 11:47","mvp 0.4.4 全流程运行.txt","Test Log\mvp 0.4.4 全流程运行.txt"
"04_测试日志与缺陷修复","MVP 0.4.5",".docx","26.8","2026-02-17 12:11","04 EOR_测试验收标准.docx","MVP 045整改项目文档\01 项目管理文档\04 EOR_测试验收标准.docx"
"04_测试日志与缺陷修复","MVP 0.4.5",".docx","26.1","2026-02-18 21:30","指令5-交付件1 EOR核心模块单元测试用例模板.docx","MVP 045整改项目文档\02 系统架构文档\指令5-交付件1 EOR核心模块单元测试用例模板.docx"
"04_测试日志与缺陷修复","MVP 0.4.5",".py","3.9","2026-02-19 19:55","debug_cli.py","MVP 045整改项目文档\03 程序开发文档\10 迁移系统配置组功能命令至新框架\debug_cli.py"
"04_测试日志与缺陷修复","MVP 0.4.5",".py","4.4","2026-02-19 19:48","test_sys_config.py","MVP 045整改项目文档\03 程序开发文档\10 迁移系统配置组功能命令至新框架\test_sys_config.py"
"04_测试日志与缺陷修复","MVP 0.4.5",".txt","1.8","2026-02-19 20:29","debug.txt","MVP 045整改项目文档\03 程序开发文档\11 迁移回合控制组功能命令至新框架\debug.txt"
"04_测试日志与缺陷修复","MVP 0.4.5",".py","6.3","2026-02-19 20:15","test_func_turn_control.py","MVP 045整改项目文档\03 程序开发文档\11 迁移回合控制组功能命令至新框架\test_func_turn_control.py"
"04_测试日志与缺陷修复","MVP 0.4.5",".py","4.8","2026-02-17 16:51","debug_cli.py","MVP 045整改项目文档\03 程序开发文档\1-1\debug_cli.py"
"04_测试日志与缺陷修复","MVP 0.4.5",".py","10.3","2026-02-17 16:51","test_command_framework.py","MVP 045整改项目文档\03 程序开发文档\1-1\test_command_framework.py"
"04_测试日志与缺陷修复","MVP 0.4.5",".py","3.1","2026-02-19 20:42","test_func_forum.py","MVP 045整改项目文档\03 程序开发文档\12 迁移Forum阶段功能组命令至新框架\test_func_forum.py"
"04_测试日志与缺陷修复","MVP 0.4.5",".txt","5.6","2026-02-17 17:17","debug 1-2.txt","MVP 045整改项目文档\03 程序开发文档\1-2\debug 1-2.txt"
"04_测试日志与缺陷修复","MVP 0.4.5",".py","6.4","2026-02-17 17:15","test_game_state.py","MVP 045整改项目文档\03 程序开发文档\1-2\test_game_state.py"
"04_测试日志与缺陷修复","MVP 0.4.5",".py","4.2","2026-02-19 20:51","test_func_population.py","MVP 045整改项目文档\03 程序开发文档\13 迁移 Population阶段功能组命令至新框架\test_func_population.py"
"04_测试日志与缺陷修复","MVP 0.4.5",".txt","1.5","2026-02-17 18:11","debug 1-3.txt","MVP 045整改项目文档\03 程序开发文档\1-3\debug 1-3.txt"
"04_测试日志与缺陷修复","MVP 0.4.5",".txt","12.6","2026-02-19 21:16","debug.txt","MVP 045整改项目文档\03 程序开发文档\14 迁移军事组功能命令至新框架\debug.txt"
"04_测试日志与缺陷修复","MVP 0.4.5",".py","7.3","2026-02-19 21:18","test_func_military.py","MVP 045整改项目文档\03 程序开发文档\14 迁移军事组功能命令至新框架\test_func_military.py"
"04_测试日志与缺陷修复","MVP 0.4.5",".txt","7.7","2026-02-20 20:28","debug.txt","MVP 045整改项目文档\03 程序开发文档\15 迁移合同组功能命令至新框架\debug.txt"
"04_测试日志与缺陷修复","MVP 0.4.5",".txt","8.5","2026-02-20 20:58","debug.txt","MVP 045整改项目文档\03 程序开发文档\16 迁移土地交易组功能命令至新框架\debug.txt"
"04_测试日志与缺陷修复","MVP 0.4.5",".txt","1","2026-02-17 19:24","debug.txt","MVP 045整改项目文档\03 程序开发文档\2.0\debug.txt"
"04_测试日志与缺陷修复","MVP 0.4.5",".py","10.7","2026-02-17 19:23","test_config.py","MVP 045整改项目文档\03 程序开发文档\2.0\test_config.py"
"04_测试日志与缺陷修复","MVP 0.4.5",".txt","0.5","2026-02-17 20:00","debug.txt","MVP 045整改项目文档\03 程序开发文档\3.0 天命阶段迁移\debug.txt"
"04_测试日志与缺陷修复","MVP 0.4.5",".py","7.6","2026-02-17 19:59","test_phase_mortality.py","MVP 045整改项目文档\03 程序开发文档\3.0 天命阶段迁移\test_phase_mortality.py"
"04_测试日志与缺陷修复","MVP 0.4.5",".txt","1.4","2026-02-17 20:28","debug.txt","MVP 045整改项目文档\03 程序开发文档\4.0 收入阶段迁移\debug.txt"
"04_测试日志与缺陷修复","MVP 0.4.5",".py","9.4","2026-02-17 20:31","test_game_state.py","MVP 045整改项目文档\03 程序开发文档\4.0 收入阶段迁移\test_game_state.py"
"04_测试日志与缺陷修复","MVP 0.4.5",".py","10.6","2026-02-17 20:27","test_phase_revenue.py","MVP 045整改项目文档\03 程序开发文档\4.0 收入阶段迁移\test_phase_revenue.py"
"04_测试日志与缺陷修复","MVP 0.4.5",".txt","2.6","2026-02-17 20:57","debug.txt","MVP 045整改项目文档\03 程序开发文档\5.0 广场阶段迁移\debug.txt"
"04_测试日志与缺陷修复","MVP 0.4.5",".py","4.8","2026-02-17 20:58","test_phase_forum.py","MVP 045整改项目文档\03 程序开发文档\5.0 广场阶段迁移\test_phase_forum.py"
"04_测试日志与缺陷修复","MVP 0.4.5",".txt","1.5","2026-02-17 21:13","debug.txt","MVP 045整改项目文档\03 程序开发文档\6.0 人口阶段迁移\debug.txt"
"04_测试日志与缺陷修复","MVP 0.4.5",".py","7.6","2026-02-17 21:11","test_phase_population.py","MVP 045整改项目文档\03 程序开发文档\6.0 人口阶段迁移\test_phase_population.py"
"04_测试日志与缺陷修复","MVP 0.4.5",".txt","2.1","2026-02-18 19:45","debug.txt","MVP 045整改项目文档\03 程序开发文档\7.0 元老阶段迁移\debug.txt"
"04_测试日志与缺陷修复","MVP 0.4.5",".py","15","2026-02-17 21:59","test_phase_senate.py","MVP 045整改项目文档\03 程序开发文档\7.0 元老阶段迁移\test_phase_senate.py"
"04_测试日志与缺陷修复","MVP 0.4.5",".txt","4.2","2026-02-18 20:00","debug.txt","MVP 045整改项目文档\03 程序开发文档\8.0 战争阶段迁移\debug.txt"
"04_测试日志与缺陷修复","MVP 0.4.5",".py","12.9","2026-02-18 20:02","test_phase_combat.py","MVP 045整改项目文档\03 程序开发文档\8.0 战争阶段迁移\test_phase_combat.py"
"04_测试日志与缺陷修复","MVP 0.4.5",".txt","0.9","2026-02-19 19:44","debug.txt","MVP 045整改项目文档\03 程序开发文档\9.0 抉择阶段迁移\debug.txt"
"04_测试日志与缺陷修复","MVP 0.4.5",".py","8.4","2026-02-18 20:31","test_phase_resolution.py","MVP 045整改项目文档\03 程序开发文档\9.0 抉择阶段迁移\test_phase_resolution.py"
"04_测试日志与缺陷修复","MVP 0.4.5",".txt","8.7","2026-02-18 21:48","debug.txt","MVP 045整改项目文档\03 程序开发文档\debug.txt"
"04_测试日志与缺陷修复","MVP 0.4.5",".txt","1.7","2026-02-15 20:47","mvp 0.4.5 turn 3 failure.txt","Test Log\mvp 0.4.5 turn 3 failure.txt"
"04_测试日志与缺陷修复","MVP 0.4.5",".txt","82.4","2026-02-15 20:33","mvp 0.4.5 全流程运行.txt","Test Log\mvp 0.4.5 全流程运行.txt"
"04_测试日志与缺陷修复","MVP 0.4.6",".docx","20.2","2026-03-21 08:11","技术债务指令书-公地认购机制重构 修复任务指令.docx","MVP 046功能基线文档\02 架构师输出\ACT-99 技术债务\已解决\技术债务指令书-公地认购机制重构 修复任务指令.docx"
"04_测试日志与缺陷修复","MVP 0.4.6",".docx","21.8","2026-03-28 16:21","开发任务指令：广场阶段架构整改（步骤4：单元测试与回归）.docx","MVP 046功能基线文档\02 架构师输出\开发任务指令：广场阶段架构整改（步骤4：单元测试与回归）.docx"
"04_测试日志与缺陷修复","MVP 0.4.6",".docx","30.2","2026-03-29 15:30","API 层函数索引说明书.docx","MVP 046功能基线文档\03 开发测试输出\API 层函数索引说明书.docx"
"04_测试日志与缺陷修复","MVP 0.4.6",".txt","40.6","2026-03-23 17:35","Game Debug.txt","MVP 046功能基线文档\03 开发测试输出\Game Debug.txt"
"04_测试日志与缺陷修复","MVP 0.4.6",".log","27.3","2026-03-23 13:18","game_20260323_131241.log","MVP 046功能基线文档\03 开发测试输出\game_20260323_131241.log"
"04_测试日志与缺陷修复","MVP 0.4.6",".txt","0.7","2026-03-18 20:58","MOM 0317.txt","MVP 046功能基线文档\03 开发测试输出\MOM 0317.txt"
"04_测试日志与缺陷修复","MVP 0.4.6",".txt","0.6","2026-03-20 15:47","MOM 0320.txt","MVP 046功能基线文档\03 开发测试输出\MOM 0320.txt"
"04_测试日志与缺陷修复","MVP 0.4.6",".txt","4","2026-03-22 08:12","MOM 0321.txt","MVP 046功能基线文档\03 开发测试输出\MOM 0321.txt"
"04_测试日志与缺陷修复","MVP 0.4.6",".txt","9.4","2026-03-23 12:53","MOM 0322.txt","MVP 046功能基线文档\03 开发测试输出\MOM 0322.txt"
"04_测试日志与缺陷修复","MVP 0.4.6",".txt","1.6","2026-03-24 19:51","MOM 0323.txt","MVP 046功能基线文档\03 开发测试输出\MOM 0323.txt"
"04_测试日志与缺陷修复","MVP 0.4.6",".txt","1.5","2026-03-24 23:39","MOM 0324.txt","MVP 046功能基线文档\03 开发测试输出\MOM 0324.txt"
"04_测试日志与缺陷修复","MVP 0.4.6",".txt","4","2026-03-27 08:21","MOM 0326.txt","MVP 046功能基线文档\03 开发测试输出\MOM 0326.txt"
"04_测试日志与缺陷修复","MVP 0.4.6",".txt","7.8","2026-03-28 12:54","MOM 0327.txt","MVP 046功能基线文档\03 开发测试输出\MOM 0327.txt"
"04_测试日志与缺陷修复","MVP 0.4.6",".txt","0.8","2026-03-29 09:11","MOM 0328.txt","MVP 046功能基线文档\03 开发测试输出\MOM 0328.txt"
"04_测试日志与缺陷修复","MVP 0.4.6",".txt","1","2026-03-30 13:30","MOM 0329.txt","MVP 046功能基线文档\03 开发测试输出\MOM 0329.txt"
"04_测试日志与缺陷修复","MVP 0.4.6",".txt","2.8","2026-03-16 10:06","MOM.txt","MVP 046功能基线文档\03 开发测试输出\MOM.txt"
"04_测试日志与缺陷修复","MVP 0.4.6",".txt","79.1","2026-03-29 13:54","test-debug.txt","MVP 046功能基线文档\03 开发测试输出\test-debug.txt"
"04_测试日志与缺陷修复","MVP 0.4.6",".docx","35","2026-03-29 22:34","UI 命令层函数索引说明书.docx","MVP 046功能基线文档\03 开发测试输出\UI 命令层函数索引说明书.docx"
"04_测试日志与缺陷修复","MVP 0.4.6",".docx","28.9","2026-03-29 22:40","决策器模块函数索引说明书.docx","MVP 046功能基线文档\03 开发测试输出\决策器模块函数索引说明书.docx"
"04_测试日志与缺陷修复","MVP 0.4.6",".docx","22.5","2026-03-29 13:44","开发工作报告 多玩家信息隔离功能开发工作报告.docx","MVP 046功能基线文档\03 开发测试输出\开发工作报告 多玩家信息隔离功能开发工作报告.docx"
"04_测试日志与缺陷修复","MVP 0.4.6",".docx","20.1","2026-03-28 20:34","开发工作报告：广场阶段与人口阶段 UI 优化及功能增强.docx","MVP 046功能基线文档\03 开发测试输出\开发工作报告：广场阶段与人口阶段 UI 优化及功能增强.docx"
"04_测试日志与缺陷修复","MVP 0.4.6",".docx","21.8","2026-03-29 22:48","服务与工具模块函数索引说明书.docx","MVP 046功能基线文档\03 开发测试输出\服务与工具模块函数索引说明书.docx"
"04_测试日志与缺陷修复","MVP 0.4.6",".docx","47.7","2026-03-29 22:02","核心实体模块函数索引说明书.docx","MVP 046功能基线文档\03 开发测试输出\核心实体模块函数索引说明书.docx"
"04_测试日志与缺陷修复","MVP 0.4.6",".docx","30.6","2026-03-29 23:14","核心管理模块函数索引说明书.docx","MVP 046功能基线文档\03 开发测试输出\核心管理模块函数索引说明书.docx"
"04_测试日志与缺陷修复","MVP 0.4.6",".docx","24.9","2026-03-29 15:56","核心系统代码清理与函数索引说明书.docx","MVP 046功能基线文档\03 开发测试输出\核心系统代码清理与函数索引说明书.docx"
"04_测试日志与缺陷修复","MVP 0.4.6",".docx","16.7","2026-03-27 17:45","对主程序员的问题澄清.docx","MVP 046功能基线文档\03 开发测试输出\游戏功能说明书\经济-合同\对主程序员的问题澄清.docx"
"04_测试日志与缺陷修复","MVP 0.4.6",".docx","19.1","2026-03-27 17:45","对架构师的问题澄清.docx","MVP 046功能基线文档\03 开发测试输出\游戏功能说明书\经济-合同\对架构师的问题澄清.docx"
"04_测试日志与缺陷修复","MVP 0.5 相关历史",".docx","35.4","2026-02-21 23:23","EOR MVP 版本测试任务书.docx","MVP 046功能基线文档\02 架构师输出\ACT-00 架构设计文档\MVP 0.5 +\EOR MVP 版本测试任务书.docx"
"04_测试日志与缺陷修复","MVP 0.5 相关历史",".docx","19","2026-03-02 08:00","EOR MVP 0.5 开发指令：增加持久化日志文件功能，便于BUG定位.docx","MVP 046功能基线文档\02 架构师输出\ACT-01 MVP0.5 游戏功能文档\EOR MVP 0.5 开发指令：增加持久化日志文件功能，便于BUG定位.docx"
"04_测试日志与缺陷修复","MVP 0.5 相关历史",".docx","56.6","2026-02-22 11:14","EOR MVP 开发与测试指令执行次序表.docx","MVP 046功能基线文档\02 架构师输出\ACT-01 MVP0.5 游戏功能文档\EOR MVP 开发与测试指令执行次序表.docx"
"04_测试日志与缺陷修复","MVP 0.5 相关历史",".png","781.4","2026-02-22 11:11","开发测试计划表.png","MVP 046功能基线文档\02 架构师输出\ACT-01 MVP0.5 游戏功能文档\开发测试计划表.png"
"04_测试日志与缺陷修复","MVP 0.5 相关历史",".txt","15.8","2026-02-22 10:55","架构师-测试员的指令集.txt","MVP 046功能基线文档\02 架构师输出\ACT-01 MVP0.5 游戏功能文档\架构师-测试员的指令集.txt"
"04_测试日志与缺陷修复","MVP 0.5 相关历史",".docx","25.3","2026-02-23 22:07","EOR MVP 0.5 增量开发报告（2026-02-23）.docx","MVP 046功能基线文档\03 开发测试输出\MVP 0.5\EOR MVP 0.5 增量开发报告（2026-02-23）.docx"
"04_测试日志与缺陷修复","MVP 0.5 相关历史",".docx","21.5","2026-02-24 19:54","EOR MVP 0.5 增量开发报告（2026-02-24）.docx","MVP 046功能基线文档\03 开发测试输出\MVP 0.5\EOR MVP 0.5 增量开发报告（2026-02-24）.docx"
"04_测试日志与缺陷修复","MVP 0.5 相关历史",".docx","22.8","2026-02-25 19:21","EOR MVP 0.5 增量开发报告（2026-02-25）.docx","MVP 046功能基线文档\03 开发测试输出\MVP 0.5\EOR MVP 0.5 增量开发报告（2026-02-25）.docx"
"04_测试日志与缺陷修复","MVP 0.5 相关历史",".docx","21.7","2026-02-26 17:58","EOR MVP 0.5 增量开发报告（2026-02-26）.docx","MVP 046功能基线文档\03 开发测试输出\MVP 0.5\EOR MVP 0.5 增量开发报告（2026-02-26）.docx"
"04_测试日志与缺陷修复","MVP 0.5 相关历史",".docx","22.4","2026-02-27 09:27","EOR MVP 0.5 增量开发报告（2026-02-26晚）.docx","MVP 046功能基线文档\03 开发测试输出\MVP 0.5\EOR MVP 0.5 增量开发报告（2026-02-26晚）.docx"
"04_测试日志与缺陷修复","MVP 0.5 相关历史",".docx","22.8","2026-02-27 22:08","EOR MVP 0.5 增量开发报告（2026-02-27）.docx","MVP 046功能基线文档\03 开发测试输出\MVP 0.5\EOR MVP 0.5 增量开发报告（2026-02-27）.docx"
"04_测试日志与缺陷修复","MVP 0.5 相关历史",".docx","22.6","2026-02-28 15:24","EOR MVP 0.5 增量开发报告（2026-02-28）.docx","MVP 046功能基线文档\03 开发测试输出\MVP 0.5\EOR MVP 0.5 增量开发报告（2026-02-28）.docx"
"04_测试日志与缺陷修复","MVP 0.5 相关历史",".docx","23.1","2026-03-01 16:20","EOR MVP 0.5 增量开发报告（2026-03-01）.docx","MVP 046功能基线文档\03 开发测试输出\MVP 0.5\EOR MVP 0.5 增量开发报告（2026-03-01）.docx"
"04_测试日志与缺陷修复","MVP 0.5 相关历史",".docx","22.2","2026-03-02 17:40","EOR MVP 0.5 增量开发报告（2026-03-02）.docx","MVP 046功能基线文档\03 开发测试输出\MVP 0.5\EOR MVP 0.5 增量开发报告（2026-03-02）.docx"
"04_测试日志与缺陷修复","MVP 0.5 相关历史",".docx","21.6","2026-03-03 00:17","EOR MVP 0.5 增量开发报告（2026-03-02晚）.docx","MVP 046功能基线文档\03 开发测试输出\MVP 0.5\EOR MVP 0.5 增量开发报告（2026-03-02晚）.docx"
"04_测试日志与缺陷修复","MVP 0.5 相关历史",".docx","22.9","2026-02-24 19:50","EOR MVP 0.5 工作交接报告 2月24日.docx","MVP 046功能基线文档\03 开发测试输出\MVP 0.5\EOR MVP 0.5 工作交接报告 2月24日.docx"
"04_测试日志与缺陷修复","MVP 0.5 相关历史",".docx","27.5","2026-02-26 12:03","EOR MVP 0.5 工作交接报告 2月26日.docx","MVP 046功能基线文档\03 开发测试输出\MVP 0.5\EOR MVP 0.5 工作交接报告 2月26日.docx"
"04_测试日志与缺陷修复","MVP 0.5 相关历史",".docx","27.1","2026-02-27 16:10","EOR MVP 0.5 工作交接报告 2月27日.docx","MVP 046功能基线文档\03 开发测试输出\MVP 0.5\EOR MVP 0.5 工作交接报告 2月27日.docx"
"04_测试日志与缺陷修复","MVP 0.5 相关历史",".docx","29.1","2026-02-28 09:20","EOR MVP 0.5 工作交接报告（给新任主程序员 DS006）.docx","MVP 046功能基线文档\03 开发测试输出\MVP 0.5\EOR MVP 0.5 工作交接报告（给新任主程序员 DS006）.docx"
"04_测试日志与缺陷修复","MVP 0.5 相关历史",".docx","27.5","2026-03-02 10:05","EOR MVP 0.5 日志增强功能开发交接报告 (2026-03-02).docx","MVP 046功能基线文档\03 开发测试输出\MVP 0.5\EOR MVP 0.5 日志增强功能开发交接报告 (2026-03-02).docx"
"04_测试日志与缺陷修复","MVP 0.5 相关历史",".docx","20.8","2026-03-02 09:23","EOR游戏日志增强实施计划.docx","MVP 046功能基线文档\03 开发测试输出\MVP 0.5\EOR游戏日志增强实施计划.docx"
"04_测试日志与缺陷修复","MVP 0.5 相关历史",".txt","0.8","2026-03-02 08:23","gitignore文件.txt","MVP 046功能基线文档\03 开发测试输出\MVP 0.5\gitignore文件.txt"
"04_测试日志与缺陷修复","MVP 0.5 相关历史",".txt","31.4","2026-03-03 23:15","log.txt","MVP 046功能基线文档\03 开发测试输出\MVP 0.5\log.txt"
"04_测试日志与缺陷修复","MVP 0.5 相关历史",".py","8","2026-02-22 11:39","contract.py","MVP 046功能基线文档\03 开发测试输出\MVP 0.5\M1-1\contract.py"
"04_测试日志与缺陷修复","MVP 0.5 相关历史",".py","8.6","2026-02-22 11:34","entities.py","MVP 046功能基线文档\03 开发测试输出\MVP 0.5\M1-1\entities.py"
"04_测试日志与缺陷修复","MVP 0.5 相关历史",".py","7.9","2026-02-22 11:47","test_entity_contract.py","MVP 046功能基线文档\03 开发测试输出\MVP 0.5\M1-1\test_entity_contract.py"
"04_测试日志与缺陷修复","MVP 0.5 相关历史",".py","4.7","2026-02-22 11:47","test_entity_province.py","MVP 046功能基线文档\03 开发测试输出\MVP 0.5\M1-1\test_entity_province.py"
"04_测试日志与缺陷修复","MVP 0.5 相关历史",".txt","5.9","2026-02-22 11:54","指令M-1 创建 Province 和 Contract 实体.txt","MVP 046功能基线文档\03 开发测试输出\MVP 0.5\M1-1\指令M-1 创建 Province 和 Contract 实体.txt"
"04_测试日志与缺陷修复","MVP 0.5 相关历史",".py","10.5","2026-02-22 13:19","entities.py","MVP 046功能基线文档\03 开发测试输出\MVP 0.5\M1-2\entities.py"
"04_测试日志与缺陷修复","MVP 0.5 相关历史",".py","21.1","2026-02-22 13:17","figure.py","MVP 046功能基线文档\03 开发测试输出\MVP 0.5\M1-2\figure.py"
"04_测试日志与缺陷修复","MVP 0.5 相关历史",".py","2.2","2026-02-22 13:26","test_entity_figure_faction.py","MVP 046功能基线文档\03 开发测试输出\MVP 0.5\M1-2\test_entity_figure_faction.py"
"04_测试日志与缺陷修复","MVP 0.5 相关历史",".docx","23.6","2026-02-22 13:26","指令ID：M1-2.docx","MVP 046功能基线文档\03 开发测试输出\MVP 0.5\M1-2\指令ID：M1-2.docx"
"04_测试日志与缺陷修复","MVP 0.5 相关历史",".docx","22.5","2026-02-22 14:41","M1-3 GameState 增量接口与单元测试.docx","MVP 046功能基线文档\03 开发测试输出\MVP 0.5\M1-3\M1-3 GameState 增量接口与单元测试.docx"
"04_测试日志与缺陷修复","MVP 0.5 相关历史",".docx","19.1","2026-02-22 15:32","代码更新报告.docx","MVP 046功能基线文档\03 开发测试输出\MVP 0.5\M1-3\代码更新报告.docx"
"04_测试日志与缺陷修复","MVP 0.5 相关历史",".docx","21.5","2026-02-22 15:01","M2 配置加载与数据迁移.docx","MVP 046功能基线文档\03 开发测试输出\MVP 0.5\M2\M2 配置加载与数据迁移.docx"
"04_测试日志与缺陷修复","MVP 0.5 相关历史",".txt","3.1","2026-02-22 18:55","MVP0.4.5 load.txt","MVP 046功能基线文档\03 开发测试输出\MVP 0.5\M2\MVP0.4.5 load.txt"
"04_测试日志与缺陷修复","MVP 0.5 相关历史",".txt","1.9","2026-02-22 19:05","MVP0.5 load.txt","MVP 046功能基线文档\03 开发测试输出\MVP 0.5\M2\MVP0.5 load.txt"
"04_测试日志与缺陷修复","MVP 0.5 相关历史",".txt","6","2026-02-27 22:59","MOM  0227.txt","MVP 046功能基线文档\03 开发测试输出\MVP 0.5\MOM  0227.txt"
"04_测试日志与缺陷修复","MVP 0.5 相关历史",".txt","1.1","2026-02-28 12:54","MOM  0228.txt","MVP 046功能基线文档\03 开发测试输出\MVP 0.5\MOM  0228.txt"
"04_测试日志与缺陷修复","MVP 0.5 相关历史",".txt","2.5","2026-03-01 21:42","MOM  0301.txt","MVP 046功能基线文档\03 开发测试输出\MVP 0.5\MOM  0301.txt"
"04_测试日志与缺陷修复","MVP 0.5 相关历史",".txt","5.5","2026-03-03 00:16","MOM  0302.txt","MVP 046功能基线文档\03 开发测试输出\MVP 0.5\MOM  0302.txt"
"04_测试日志与缺陷修复","MVP 0.5 相关历史",".txt","0.6","2026-03-04 23:25","MOM  0304.txt","MVP 046功能基线文档\03 开发测试输出\MVP 0.5\MOM  0304.txt"
"04_测试日志与缺陷修复","MVP 0.5 相关历史",".txt","5.3","2026-03-02 14:11","resolve_war.txt","MVP 046功能基线文档\03 开发测试输出\MVP 0.5\resolve_war.txt"
"04_测试日志与缺陷修复","MVP 0.5 相关历史",".docx","24.7","2026-02-22 13:08","T1-1测试指令与报告.docx","MVP 046功能基线文档\03 开发测试输出\MVP 0.5\T1-1\T1-1测试指令与报告.docx"
"04_测试日志与缺陷修复","MVP 0.5 相关历史",".txt","2.3","2026-02-22 13:05","test-bug.txt","MVP 046功能基线文档\03 开发测试输出\MVP 0.5\T1-1\test-bug.txt"
"04_测试日志与缺陷修复","MVP 0.5 相关历史",".docx","18","2026-02-22 13:03","关于 T1-1 测试报告的审阅与下一步指示.docx","MVP 046功能基线文档\03 开发测试输出\MVP 0.5\T1-1\关于 T1-1 测试报告的审阅与下一步指示.docx"
"04_测试日志与缺陷修复","MVP 0.5 相关历史",".docx","27","2026-02-22 14:12","T1-2测试报告.docx","MVP 046功能基线文档\03 开发测试输出\MVP 0.5\T1-2\T1-2测试报告.docx"
"04_测试日志与缺陷修复","MVP 0.5 相关历史",".docx","22.1","2026-02-22 14:55","T1-3 测试报告.docx","MVP 046功能基线文档\03 开发测试输出\MVP 0.5\T1-3\T1-3 测试报告.docx"
"04_测试日志与缺陷修复","MVP 0.5 相关历史",".txt","41.1","2026-03-02 13:37","test-debug 2.txt","MVP 046功能基线文档\03 开发测试输出\MVP 0.5\test-debug 2.txt"
"04_测试日志与缺陷修复","MVP 0.5 相关历史",".txt","0.5","2026-03-01 21:02","UI Optimise.txt","MVP 046功能基线文档\03 开发测试输出\MVP 0.5\UI Optimise.txt"
"04_测试日志与缺陷修复","MVP 0.5 相关历史",".docx","18.8","2026-02-26 09:42","关于将自动输入与功能实现分离的设计建议与架构文档更新请求.docx","MVP 046功能基线文档\03 开发测试输出\MVP 0.5\关于将自动输入与功能实现分离的设计建议与架构文档更新请求.docx"
"04_测试日志与缺陷修复","MVP 0.5 相关历史",".docx","17.1","2026-02-24 18:48","单元测试编写指引（针对2月24日开发进度）.docx","MVP 046功能基线文档\03 开发测试输出\MVP 0.5\单元测试编写指引（针对2月24日开发进度）.docx"
"04_测试日志与缺陷修复","MVP 0.5 相关历史",".docx","21.8","2026-02-28 10:14","定义影响力收益任务.docx","MVP 046功能基线文档\03 开发测试输出\MVP 0.5\定义影响力收益任务.docx"
"04_测试日志与缺陷修复","MVP 0.5 相关历史",".docx","23.1","2026-02-28 09:25","战争阶段开发功能流程说明书 2026-02-28.docx","MVP 046功能基线文档\03 开发测试输出\MVP 0.5\战争阶段开发功能流程说明书 2026-02-28.docx"
"04_测试日志与缺陷修复","MVP 0.5 相关历史",".docx","17.8","2026-02-25 19:28","架构审核意见（2026-02-25）.docx","MVP 046功能基线文档\03 开发测试输出\MVP 0.5\架构审核意见（2026-02-25）.docx"
"04_测试日志与缺陷修复","MVP 0.5 相关历史",".docx","18.8","2026-02-28 15:28","架构审核意见（2026-02-28）.docx","MVP 046功能基线文档\03 开发测试输出\MVP 0.5\架构审核意见（2026-02-28）.docx"
"04_测试日志与缺陷修复","MVP 0.5 相关历史",".docx","18.2","2026-02-25 20:28","架构审核问题修复报告（2026-02-25）.docx","MVP 046功能基线文档\03 开发测试输出\MVP 0.5\架构审核问题修复报告（2026-02-25）.docx"
"04_测试日志与缺陷修复","MVP 0.5 相关历史",".txt","2.9","2026-02-23 21:32","架构师审核意见的答复 0223.txt","MVP 046功能基线文档\03 开发测试输出\MVP 0.5\架构师审核意见的答复 0223.txt"
"04_测试日志与缺陷修复","MVP 0.5 相关历史",".docx","20.3","2026-02-26 09:48","架构师评估与文档更新请求答复 02-26.docx","MVP 046功能基线文档\03 开发测试输出\MVP 0.5\架构师评估与文档更新请求答复 02-26.docx"
"04_测试日志与缺陷修复","MVP 0.5 相关历史",".docx","18","2026-03-02 10:51","解决 PowerShell 中 pytest 命令找不到及路径包含空格的问题.docx","MVP 046功能基线文档\03 开发测试输出\MVP 0.5\解决 PowerShell 中 pytest 命令找不到及路径包含空格的问题.docx"
"04_测试日志与缺陷修复","MVP 0.5 相关历史",".docx","35.4","2026-03-27 17:22","游戏功能说明书 经济-合同功能MVP0.5升级.docx","MVP 046功能基线文档\03 开发测试输出\游戏功能说明书\经济-合同\游戏功能说明书 经济-合同功能MVP0.5升级.docx"
"04_测试日志与缺陷修复","MVP 0.7 相关历史",".docx","23.3","2026-03-11 17:12","为战争系统严重缺陷添加调试打印代码.docx","MVP 046功能基线文档\02 架构师输出\ACT-02 MVP0.7 游戏功能文档\为战争系统严重缺陷添加调试打印代码.docx"
"04_测试日志与缺陷修复","MVP 0.7 相关历史",".docx","18.8","2026-03-15 18:43","DS020 阶段3修复工作代码审查报告.docx","MVP 046功能基线文档\02 架构师输出\ACT-03 MVP 0.7 广场功能接口搬迁\DS020 阶段3修复工作代码审查报告.docx"
"04_测试日志与缺陷修复","MVP 0.7 相关历史",".docx","22","2026-03-16 08:59","正常模式下AI玩家自动决策未生效的问题定位与修复.docx","MVP 046功能基线文档\02 架构师输出\ACT-03 MVP 0.7 广场功能接口搬迁\正常模式下AI玩家自动决策未生效的问题定位与修复.docx"
"04_测试日志与缺陷修复","MVP 0.7 相关历史",".docx","27.7","2026-03-15 21:13","阶段3 可切换的自动手动决策模式及测试权限开关.docx","MVP 046功能基线文档\02 架构师输出\ACT-03 MVP 0.7 广场功能接口搬迁\阶段3 可切换的自动手动决策模式及测试权限开关.docx"
"04_测试日志与缺陷修复","MVP 0.7 相关历史",".docx","20.3","2026-03-15 20:37","阶段3 广场阶段测试用例粒度调整建议.docx","MVP 046功能基线文档\02 架构师输出\ACT-03 MVP 0.7 广场功能接口搬迁\阶段3 广场阶段测试用例粒度调整建议.docx"
"04_测试日志与缺陷修复","MVP 0.7 相关历史",".docx","27.2","2026-03-15 19:42","阶段3冒烟测试问题修复——舰队合同生成与建造流程.docx","MVP 046功能基线文档\02 架构师输出\ACT-03 MVP 0.7 广场功能接口搬迁\阶段3冒烟测试问题修复——舰队合同生成与建造流程.docx"
"04_测试日志与缺陷修复","MVP 0.7 相关历史",".docx","18.7","2026-03-18 22:04","人口阶段修复任务——候选人计算与显示.docx","MVP 046功能基线文档\02 架构师输出\ACT-04 MVP 0.7 人口功能接口搬迁\人口阶段修复任务——候选人计算与显示.docx"
"04_测试日志与缺陷修复","MVP 0.7 相关历史",".docx","22.3","2026-03-18 21:19","人口阶段修复任务——军团凯旋与解散、舰队解散功能改造.docx","MVP 046功能基线文档\02 架构师输出\ACT-04 MVP 0.7 人口功能接口搬迁\人口阶段修复任务——军团凯旋与解散、舰队解散功能改造.docx"
"04_测试日志与缺陷修复","MVP 0.7 相关历史",".docx","17.9","2026-03-18 21:36","人口阶段修复任务——卸任所有现任官员.docx","MVP 046功能基线文档\02 架构师输出\ACT-04 MVP 0.7 人口功能接口搬迁\人口阶段修复任务——卸任所有现任官员.docx"
"04_测试日志与缺陷修复","MVP 0.7 相关历史",".docx","18.7","2026-03-18 22:49","人口阶段修复任务——合并庆典与投票环节.docx","MVP 046功能基线文档\02 架构师输出\ACT-04 MVP 0.7 人口功能接口搬迁\人口阶段修复任务——合并庆典与投票环节.docx"
"04_测试日志与缺陷修复","MVP 0.7 相关历史",".docx","17.5","2026-03-18 22:27","人口阶段修复任务——庆典影响力表格.docx","MVP 046功能基线文档\02 架构师输出\ACT-04 MVP 0.7 人口功能接口搬迁\人口阶段修复任务——庆典影响力表格.docx"
"04_测试日志与缺陷修复","MVP 0.7 相关历史",".docx","18","2026-03-18 21:49","人口阶段修复任务——战场指挥官转换.docx","MVP 046功能基线文档\02 架构师输出\ACT-04 MVP 0.7 人口功能接口搬迁\人口阶段修复任务——战场指挥官转换.docx"
"04_测试日志与缺陷修复","MVP 0.7 相关历史",".docx","19.4","2026-03-18 21:06","人口阶段修复任务——清理广场人物功能改造.docx","MVP 046功能基线文档\02 架构师输出\ACT-04 MVP 0.7 人口功能接口搬迁\人口阶段修复任务——清理广场人物功能改造.docx"
"04_测试日志与缺陷修复","MVP 0.7 相关历史",".docx","16.7","2026-03-18 23:44","人口阶段修复任务——自动投票决策器.docx","MVP 046功能基线文档\02 架构师输出\ACT-04 MVP 0.7 人口功能接口搬迁\人口阶段修复任务——自动投票决策器.docx"
"04_测试日志与缺陷修复","MVP 0.7 相关历史",".docx","21.4","2026-03-18 23:54","人口阶段冒烟测试问题定位——CENSOR和TRIBUNE候选人缺失.docx","MVP 046功能基线文档\02 架构师输出\ACT-04 MVP 0.7 人口功能接口搬迁\人口阶段冒烟测试问题定位——CENSOR和TRIBUNE候选人缺失.docx"
"04_测试日志与缺陷修复","MVP 0.7 相关历史",".docx","18.9","2026-03-17 09:53","人口阶段凯旋仪式重复显示问题修复 To DS022.docx","MVP 046功能基线文档\02 架构师输出\ACT-04 MVP 0.7 人口功能接口搬迁\人口阶段凯旋仪式重复显示问题修复 To DS022.docx"
"04_测试日志与缺陷修复","MVP 0.7 相关历史",".docx","22.3","2026-03-21 07:34","人口阶段回归测试失败分析与修复指引 to D024.docx","MVP 046功能基线文档\02 架构师输出\ACT-04 MVP 0.7 人口功能接口搬迁\人口阶段回归测试失败分析与修复指引 to D024.docx"
"04_测试日志与缺陷修复","MVP 0.7 相关历史",".docx","17.8","2026-03-20 14:19","修复人口阶段交互提示符显示错位问题.docx","MVP 046功能基线文档\02 架构师输出\ACT-04 MVP 0.7 人口功能接口搬迁\修复人口阶段交互提示符显示错位问题.docx"
"04_测试日志与缺陷修复","MVP 0.7 相关历史",".docx","22","2026-03-17 14:54","阶段4 人口阶段测试用例集设计.docx","MVP 046功能基线文档\02 架构师输出\ACT-04 MVP 0.7 人口功能接口搬迁\阶段4 人口阶段测试用例集设计.docx"
"04_测试日志与缺陷修复","MVP 0.7 相关历史",".docx","19.8","2026-03-17 14:56","阶段4.2需要完成的测试用例集清单.docx","MVP 046功能基线文档\02 架构师输出\ACT-04 MVP 0.7 人口功能接口搬迁\阶段4.2需要完成的测试用例集清单.docx"
"04_测试日志与缺陷修复","MVP 0.7 相关历史",".docx","21.8","2026-03-21 14:24","开发指令 - 元老院阶段改造 - 任务1 - 功能清单与测试基线.docx","MVP 046功能基线文档\02 架构师输出\ACT-05 MVP 0.7 元老院功能接口搬迁\开发指令 - 元老院阶段改造 - 任务1 - 功能清单与测试基线.docx"
"04_测试日志与缺陷修复","MVP 0.7 相关历史",".docx","22.4","2026-03-22 22:57","EOR MVP 项目接手指引 (DS027) - 修复停战草案无法生效问题.docx","MVP 046功能基线文档\02 架构师输出\ACT-06 MVP 0.7 广场阶段接口搬迁\EOR MVP 项目接手指引 (DS027) - 修复停战草案无法生效问题.docx"
"04_测试日志与缺陷修复","MVP 0.7 相关历史",".docx","26.2","2026-03-23 13:41","停战-激活-接管问题修复任务指引（DS028）.docx","MVP 046功能基线文档\02 架构师输出\ACT-06 MVP 0.7 广场阶段接口搬迁\停战-激活-接管问题修复任务指引（DS028）.docx"
"04_测试日志与缺陷修复","MVP 0.7 相关历史",".docx","17.6","2026-03-22 19:19","回归测试失败核心原因.docx","MVP 046功能基线文档\02 架构师输出\ACT-06 MVP 0.7 广场阶段接口搬迁\回归测试失败核心原因.docx"
"04_测试日志与缺陷修复","MVP 0.7 相关历史",".docx","17.6","2026-03-23 16:59","审核意见：停战-激活-接管问题修复（DS028）.docx","MVP 046功能基线文档\02 架构师输出\ACT-06 MVP 0.7 广场阶段接口搬迁\审核意见：停战-激活-接管问题修复（DS028）.docx"
"04_测试日志与缺陷修复","MVP 0.7 相关历史",".docx","23.9","2026-03-24 19:43","开发任务指令：修复包税合同利润结算缺失.docx","MVP 046功能基线文档\02 架构师输出\ACT-06 MVP 0.7 广场阶段接口搬迁\开发任务指令：修复包税合同利润结算缺失.docx"
"04_测试日志与缺陷修复","MVP 0.7 相关历史",".docx","22.2","2026-03-28 14:18","开发任务指令：广场阶段架构整改（步骤3 + 舰队问题修复）.docx","MVP 046功能基线文档\02 架构师输出\ACT-06 MVP 0.7 广场阶段接口搬迁\开发任务指令：广场阶段架构整改（步骤3 + 舰队问题修复）.docx"
"04_测试日志与缺陷修复","MVP 0.7 相关历史",".docx","17.9","2026-03-27 22:42","开发指引  完成合同系统功能升级的集成测试验证（DS031）.docx","MVP 046功能基线文档\02 架构师输出\ACT-06 MVP 0.7 广场阶段接口搬迁\开发指引  完成合同系统功能升级的集成测试验证（DS031）.docx"
"04_测试日志与缺陷修复","MVP 0.7 相关历史",".docx","22.7","2026-03-28 14:13","开发指引：广场阶段架构整改（步骤3及后续修复）.docx","MVP 046功能基线文档\02 架构师输出\ACT-06 MVP 0.7 广场阶段接口搬迁\开发指引：广场阶段架构整改（步骤3及后续修复）.docx"
"04_测试日志与缺陷修复","MVP 0.7 相关历史",".docx","23.5","2026-03-24 22:51","开发项目指引：包税合同利润结算问题定位与修复.docx","MVP 046功能基线文档\02 架构师输出\ACT-06 MVP 0.7 广场阶段接口搬迁\开发项目指引：包税合同利润结算问题定位与修复.docx"
"04_测试日志与缺陷修复","MVP 0.7 相关历史",".docx","22.6","2026-03-15 17:14","DS018-019 开发教训总结。.docx","MVP 046功能基线文档\03 开发测试输出\MVP 0.7 - CLI-UI\DS018-019 开发教训总结。.docx"
"04_测试日志与缺陷修复","MVP 0.7 相关历史",".docx","18.7","2026-03-16 10:01","DS021 修复正常游戏模式的开发报告.docx","MVP 046功能基线文档\03 开发测试输出\MVP 0.7 - CLI-UI\DS021 修复正常游戏模式的开发报告.docx"
"04_测试日志与缺陷修复","MVP 0.7 相关历史",".docx","18.8","2026-03-16 11:47","DS021开发工作报告 – 决策器与命令层职责边界清理.docx","MVP 046功能基线文档\03 开发测试输出\MVP 0.7 - CLI-UI\DS021开发工作报告 – 决策器与命令层职责边界清理.docx"
"04_测试日志与缺陷修复","MVP 0.7 相关历史",".docx","22.3","2026-03-20 15:33","EOR 项目人口阶段（Phase 4）开发工作交接报告 DS022.docx","MVP 046功能基线文档\03 开发测试输出\MVP 0.7 - CLI-UI\EOR 项目人口阶段（Phase 4）开发工作交接报告 DS022.docx"
"04_测试日志与缺陷修复","MVP 0.7 相关历史",".docx","17.5","2026-03-21 10:21","临时屏蔽广场阶段“私地交易”环节（优先级调整）.docx","MVP 046功能基线文档\03 开发测试输出\MVP 0.7 - CLI-UI\临时屏蔽广场阶段“私地交易”环节（优先级调整）.docx"
"04_测试日志与缺陷修复","MVP 0.7 相关历史",".docx","21.3","2026-03-20 20:08","人口阶段（Phase 4）及公地认购机制修复与重构 DS023.docx","MVP 046功能基线文档\03 开发测试输出\MVP 0.7 - CLI-UI\人口阶段（Phase 4）及公地认购机制修复与重构 DS023.docx"
"04_测试日志与缺陷修复","MVP 0.7 相关历史",".docx","18.2","2026-03-17 10:38","人口阶段（Phase 4）开发任务 4.1 基础准备开发报告.docx","MVP 046功能基线文档\03 开发测试输出\MVP 0.7 - CLI-UI\人口阶段（Phase 4）开发任务 4.1 基础准备开发报告.docx"
"04_测试日志与缺陷修复","MVP 0.7 相关历史",".docx","20.5","2026-03-17 17:40","人口阶段（Phase 4）开发任务 4.2 完成报告.docx","MVP 046功能基线文档\03 开发测试输出\MVP 0.7 - CLI-UI\人口阶段（Phase 4）开发任务 4.2 完成报告.docx"
"04_测试日志与缺陷修复","MVP 0.7 相关历史",".docx","20.6","2026-03-19 19:58","人口阶段修复任务开发总结报告.docx","MVP 046功能基线文档\03 开发测试输出\MVP 0.7 - CLI-UI\人口阶段修复任务开发总结报告.docx"
"04_测试日志与缺陷修复","MVP 0.7 相关历史",".docx","19.5","2026-03-21 07:23","人口阶段回归测试失败修复总结及规范改进建议.docx","MVP 046功能基线文档\03 开发测试输出\MVP 0.7 - CLI-UI\人口阶段回归测试失败修复总结及规范改进建议.docx"
"04_测试日志与缺陷修复","MVP 0.7 相关历史",".docx","19.5","2026-03-23 13:29","停战-激活-接管问题定位进展报告.docx","MVP 046功能基线文档\03 开发测试输出\MVP 0.7 - CLI-UI\停战-激活-接管问题定位进展报告.docx"
"04_测试日志与缺陷修复","MVP 0.7 相关历史",".docx","18.5","2026-03-21 15:01","元老院阶段改造 - 任务1 - 功能清单与测试基线完成报告.docx","MVP 046功能基线文档\03 开发测试输出\MVP 0.7 - CLI-UI\元老院阶段改造 - 任务1 - 功能清单与测试基线完成报告.docx"
"04_测试日志与缺陷修复","MVP 0.7 相关历史",".docx","22.1","2026-03-21 15:52","元老院阶段改造 - 任务2 - 状态机基础框架 完成报告.docx","MVP 046功能基线文档\03 开发测试输出\MVP 0.7 - CLI-UI\元老院阶段改造 - 任务2 - 状态机基础框架 完成报告.docx"
"04_测试日志与缺陷修复","MVP 0.7 相关历史",".docx","21.6","2026-03-21 17:01","元老院阶段改造 - 任务3 - API 层实现 - 完成报告.docx","MVP 046功能基线文档\03 开发测试输出\MVP 0.7 - CLI-UI\元老院阶段改造 - 任务3 - API 层实现 - 完成报告.docx"
"04_测试日志与缺陷修复","MVP 0.7 相关历史",".docx","18.7","2026-03-21 21:19","元老院阶段改造 - 任务4 - 手动提案交互完成及遗留问题说明.docx","MVP 046功能基线文档\03 开发测试输出\MVP 0.7 - CLI-UI\元老院阶段改造 - 任务4 - 手动提案交互完成及遗留问题说明.docx"
"04_测试日志与缺陷修复","MVP 0.7 相关历史",".docx","23.1","2026-03-24 20:59","包税权合同功能开发历程.docx","MVP 046功能基线文档\03 开发测试输出\MVP 0.7 - CLI-UI\包税权合同功能开发历程.docx"
"04_测试日志与缺陷修复","MVP 0.7 相关历史",".docx","21.1","2026-03-27 22:29","工作报告：合同系统功能升级（DS030）最终修复与完善.docx","MVP 046功能基线文档\03 开发测试输出\MVP 0.7 - CLI-UI\工作报告：合同系统功能升级（DS030）最终修复与完善.docx"
"04_测试日志与缺陷修复","MVP 0.7 相关历史",".docx","19.8","2026-03-16 19:53","开发工作报告 – DS021.docx","MVP 046功能基线文档\03 开发测试输出\MVP 0.7 - CLI-UI\开发工作报告 – DS021.docx"
"04_测试日志与缺陷修复","MVP 0.7 相关历史",".docx","19.7","2026-03-22 16:07","开发工作报告  元老院阶段改造 – 提案生成统一.docx","MVP 046功能基线文档\03 开发测试输出\MVP 0.7 - CLI-UI\开发工作报告  元老院阶段改造 – 提案生成统一.docx"
"04_测试日志与缺陷修复","MVP 0.7 相关历史",".docx","20.1","2026-03-23 16:55","开发工作报告 元老院阶段改造 -  停战-激活-接管问题修复（DS028）.docx","MVP 046功能基线文档\03 开发测试输出\MVP 0.7 - CLI-UI\开发工作报告 元老院阶段改造 -  停战-激活-接管问题修复（DS028）.docx"
"04_测试日志与缺陷修复","MVP 0.7 相关历史",".docx","22.9","2026-03-22 21:45","开发工作报告 元老院阶段改造 - 任务5+6 + 停战草案完整处理.docx","MVP 046功能基线文档\03 开发测试输出\MVP 0.7 - CLI-UI\开发工作报告 元老院阶段改造 - 任务5+6 + 停战草案完整处理.docx"
"04_测试日志与缺陷修复","MVP 0.7 相关历史",".docx","18.9","2026-03-22 08:37","开发工作报告 元老院阶段改造 - 子任务5.0 - 数据流统一.docx","MVP 046功能基线文档\03 开发测试输出\MVP 0.7 - CLI-UI\开发工作报告 元老院阶段改造 - 子任务5.0 - 数据流统一.docx"
"04_测试日志与缺陷修复","MVP 0.7 相关历史",".docx","20.4","2026-03-28 13:52","开发工作报告：完善 forum_api 函数（步骤1）.docx","MVP 046功能基线文档\03 开发测试输出\MVP 0.7 - CLI-UI\开发工作报告：完善 forum_api 函数（步骤1）.docx"
"04_测试日志与缺陷修复","MVP 0.7 相关历史",".docx","19.9","2026-03-28 15:37","开发工作报告：广场阶段架构整改（步骤3 + 舰队问题修复）.docx","MVP 046功能基线文档\03 开发测试输出\MVP 0.7 - CLI-UI\开发工作报告：广场阶段架构整改（步骤3 + 舰队问题修复）.docx"
"04_测试日志与缺陷修复","MVP 0.7 相关历史",".docx","18.5","2026-03-28 14:08","开发工作报告：广场阶段自动模式决策器调用点改造（步骤2）.docx","MVP 046功能基线文档\03 开发测试输出\MVP 0.7 - CLI-UI\开发工作报告：广场阶段自动模式决策器调用点改造（步骤2）.docx"
"04_测试日志与缺陷修复","MVP 0.7 相关历史",".docx","21.4","2026-03-23 21:02","开发报告 行省总督候选人资格校验统一化.docx","MVP 046功能基线文档\03 开发测试输出\MVP 0.7 - CLI-UI\开发报告 行省总督候选人资格校验统一化.docx"
"04_测试日志与缺陷修复","MVP 0.7 相关历史",".docx","24.4","2026-03-24 23:34","开发报告：包税合同利润结算问题定位与修复.docx","MVP 046功能基线文档\03 开发测试输出\MVP 0.7 - CLI-UI\开发报告：包税合同利润结算问题定位与修复.docx"
"04_测试日志与缺陷修复","MVP 0.7 相关历史",".docx","19.6","2026-03-28 12:29","开发测试报告：合同系统功能升级集成测试验证（DS031）.docx","MVP 046功能基线文档\03 开发测试输出\MVP 0.7 - CLI-UI\开发测试报告：合同系统功能升级集成测试验证（DS031）.docx"
"04_测试日志与缺陷修复","MVP 0.7 相关历史",".docx","20.3","2026-03-21 09:49","技术债务 “贵族买地”修复完成报告.docx","MVP 046功能基线文档\03 开发测试输出\MVP 0.7 - CLI-UI\技术债务 “贵族买地”修复完成报告.docx"
"04_测试日志与缺陷修复","MVP 0.7 相关历史",".docx","20.1","2026-03-23 18:29","架构优化建议书 行省总督候选人资格校验统一化.docx","MVP 046功能基线文档\03 开发测试输出\MVP 0.7 - CLI-UI\架构优化建议书 行省总督候选人资格校验统一化.docx"
"04_测试日志与缺陷修复","MVP 0.7 相关历史",".docx","20.7","2026-03-22 19:10","求助 - 元老院阶段自动模式测试持续失败（提案无法生成）.docx","MVP 046功能基线文档\03 开发测试输出\MVP 0.7 - CLI-UI\求助 - 元老院阶段自动模式测试持续失败（提案无法生成）.docx"
"04_测试日志与缺陷修复","MVP 0.7 相关历史",".docx","18.6","2026-03-20 12:54","自动模式下AI执行仍存在权限问题.docx","MVP 046功能基线文档\03 开发测试输出\MVP 0.7 - CLI-UI\自动模式下AI执行仍存在权限问题.docx"
"04_测试日志与缺陷修复","MVP 0.7 相关历史",".docx","19.6","2026-03-22 22:42","补充工作报告：元老院阶段后续修复与完善.docx","MVP 046功能基线文档\03 开发测试输出\MVP 0.7 - CLI-UI\补充工作报告：元老院阶段后续修复与完善.docx"
"04_测试日志与缺陷修复","MVP 0.7 相关历史",".docx","18.2","2026-03-23 18:10","补充报告 战争接管与舰队指派补漏修复（DS028）.docx","MVP 046功能基线文档\03 开发测试输出\MVP 0.7 - CLI-UI\补充报告 战争接管与舰队指派补漏修复（DS028）.docx"
"04_测试日志与缺陷修复","MVP 0.7 相关历史",".docx","18.9","2026-03-24 22:43","问题定位与工作交接报告 包税合同利润结算修复.docx","MVP 046功能基线文档\03 开发测试输出\MVP 0.7 - CLI-UI\问题定位与工作交接报告 包税合同利润结算修复.docx"
"04_测试日志与缺陷修复","MVP 0.7 相关历史",".docx","17.2","2026-03-13 20:56","阶段0（准备与基础解耦）开发完成报告.docx","MVP 046功能基线文档\03 开发测试输出\MVP 0.7 - CLI-UI\阶段0（准备与基础解耦）开发完成报告.docx"
"04_测试日志与缺陷修复","MVP 0.7 相关历史",".docx","18.6","2026-03-13 23:20","阶段1（新 UI 基础框架）开发完成报告.docx","MVP 046功能基线文档\03 开发测试输出\MVP 0.7 - CLI-UI\阶段1（新 UI 基础框架）开发完成报告.docx"
"04_测试日志与缺陷修复","MVP 0.7 相关历史",".docx","16.7","2026-03-14 09:31","阶段2 开发报告.docx","MVP 046功能基线文档\03 开发测试输出\MVP 0.7 - CLI-UI\阶段2 开发报告.docx"
"04_测试日志与缺陷修复","MVP 0.7 相关历史",".docx","21.2","2026-03-15 09:44","阶段3 实时显示优化开发报告.docx","MVP 046功能基线文档\03 开发测试输出\MVP 0.7 - CLI-UI\阶段3 实时显示优化开发报告.docx"
"04_测试日志与缺陷修复","MVP 0.7 相关历史",".docx","20.7","2026-03-15 17:10","阶段3（广场阶段）开发工作报告 - DS019.docx","MVP 046功能基线文档\03 开发测试输出\MVP 0.7 - CLI-UI\阶段3（广场阶段）开发工作报告 - DS019.docx"
"04_测试日志与缺陷修复","MVP 0.7 相关历史",".docx","21.4","2026-03-15 19:33","阶段3（广场阶段）开发工作报告 - DS020 V2.docx","MVP 046功能基线文档\03 开发测试输出\MVP 0.7 - CLI-UI\阶段3（广场阶段）开发工作报告 - DS020 V2.docx"
"04_测试日志与缺陷修复","MVP 0.7 相关历史",".docx","20.2","2026-03-15 18:40","阶段3（广场阶段）开发工作报告 - DS020.docx","MVP 046功能基线文档\03 开发测试输出\MVP 0.7 - CLI-UI\阶段3（广场阶段）开发工作报告 - DS020.docx"
"04_测试日志与缺陷修复","MVP 0.7 相关历史",".docx","22.3","2026-03-15 13:20","阶段3（广场阶段）开发工作报告.docx","MVP 046功能基线文档\03 开发测试输出\MVP 0.7 - CLI-UI\阶段3（广场阶段）开发工作报告.docx"
"04_测试日志与缺陷修复","MVP 0.7 相关历史",".docx","21.9","2026-03-14 19:16","阶段3（广场阶段交互）开发报告.docx","MVP 046功能基线文档\03 开发测试输出\MVP 0.7 - CLI-UI\阶段3（广场阶段交互）开发报告.docx"
"04_测试日志与缺陷修复","MVP 0.7 相关历史",".docx","20.4","2026-03-14 13:49","阶段3（广场阶段交互）开发进展与遗留问题交接.docx","MVP 046功能基线文档\03 开发测试输出\MVP 0.7 - CLI-UI\阶段3（广场阶段交互）开发进展与遗留问题交接.docx"
"04_测试日志与缺陷修复","MVP 0.7 相关历史",".docx","21.5","2026-03-15 21:00","阶段3冒烟测试问题修复工作报告 - DS020.docx","MVP 046功能基线文档\03 开发测试输出\MVP 0.7 - CLI-UI\阶段3冒烟测试问题修复工作报告 - DS020.docx"
"04_测试日志与缺陷修复","MVP 0.7 相关历史",".docx","25.8","2026-03-17 15:27","阶段4.2 测试用例集清单.docx","MVP 046功能基线文档\03 开发测试输出\MVP 0.7 - CLI-UI\阶段4.2 测试用例集清单.docx"
"04_测试日志与缺陷修复","MVP 0.7 相关历史",".docx","19.5","2026-03-11 16:53","EOR MVP 0.7 天命模块开发日报(2026-3-11).docx","MVP 046功能基线文档\03 开发测试输出\MVP 0.7 - 功能开发\EOR MVP 0.7 天命模块开发日报(2026-3-11).docx"
"04_测试日志与缺陷修复","MVP 0.7 相关历史",".docx","19.9","2026-03-10 22:41","EOR MVP 0.7 战争模块开发报告（3月9日-3月10日）.docx","MVP 046功能基线文档\03 开发测试输出\MVP 0.7 - 功能开发\EOR MVP 0.7 战争模块开发报告（3月9日-3月10日）.docx"
"04_测试日志与缺陷修复","MVP 0.7 相关历史",".docx","21.6","2026-03-04 21:59","EOR MVP 0.7.01 工作交接报告 2026-03-04.docx","MVP 046功能基线文档\03 开发测试输出\MVP 0.7 - 功能开发\EOR MVP 0.7.01 工作交接报告 2026-03-04.docx"
"04_测试日志与缺陷修复","MVP 0.7 相关历史",".docx","23.8","2026-03-06 19:22","EOR MVP 0.7-2 增量开发报告（2026-03-06）.docx","MVP 046功能基线文档\03 开发测试输出\MVP 0.7 - 功能开发\EOR MVP 0.7-2 增量开发报告（2026-03-06）.docx"
"04_测试日志与缺陷修复","MVP 0.7 相关历史",".docx","21.6","2026-03-06 23:17","EOR MVP 0.7-3 增量开发报告（2026-03-06）.docx","MVP 046功能基线文档\03 开发测试输出\MVP 0.7 - 功能开发\EOR MVP 0.7-3 增量开发报告（2026-03-06）.docx"
"04_测试日志与缺陷修复","MVP 0.7 相关历史",".docx","19.3","2026-03-11 20:37","战争系统调试与舰队解散功能开发报告 （2026.03.11）.docx","MVP 046功能基线文档\03 开发测试输出\MVP 0.7 - 功能开发\战争系统调试与舰队解散功能开发报告 （2026.03.11）.docx"
"04_测试日志与缺陷修复","MVP 0.7 相关历史",".docx","18.3","2026-03-11 21:27","缺陷定位进展报告-战争激活后元老院阶段因执政官死亡未指派指挥官.docx","MVP 046功能基线文档\03 开发测试输出\MVP 0.7 - 功能开发\缺陷定位进展报告-战争激活后元老院阶段因执政官死亡未指派指挥官.docx"
"04_测试日志与缺陷修复","MVP 0.7 相关历史",".docx","27.6","2026-03-28 12:44","游戏功能说明书 经济-合同功能MVP0.7.docx","MVP 046功能基线文档\03 开发测试输出\游戏功能说明书\经济-合同\游戏功能说明书 经济-合同功能MVP0.7.docx"
"05_UI与视觉资料","MVP 0.4.6",".txt","1.9","2026-03-13 09:14","00 游戏加载界面.txt","MVP 046功能基线文档\04 UI设计师输出\00 游戏加载界面.txt"
"05_UI与视觉资料","MVP 0.4.6",".txt","1","2026-03-13 09:14","01 天命阶段.txt","MVP 046功能基线文档\04 UI设计师输出\01 天命阶段.txt"
"05_UI与视觉资料","MVP 0.4.6",".txt","1.1","2026-03-13 13:50","02 收入阶段.txt","MVP 046功能基线文档\04 UI设计师输出\02 收入阶段.txt"
"05_UI与视觉资料","MVP 0.4.6",".txt","8.6","2026-03-14 16:14","03 广场阶段.txt","MVP 046功能基线文档\04 UI设计师输出\03 广场阶段.txt"
"05_UI与视觉资料","MVP 0.4.6",".txt","5","2026-03-18 21:00","04 人口阶段.txt","MVP 046功能基线文档\04 UI设计师输出\04 人口阶段.txt"
"05_UI与视觉资料","MVP 0.4.6",".txt","10.1","2026-03-22 20:09","05 元老阶段.txt","MVP 046功能基线文档\04 UI设计师输出\05 元老阶段.txt"
"05_UI与视觉资料","MVP 0.4.6",".txt","2.3","2026-03-13 23:09","06 战斗阶段.txt","MVP 046功能基线文档\04 UI设计师输出\06 战斗阶段.txt"
"05_UI与视觉资料","MVP 0.4.6",".txt","1.2","2026-03-13 17:50","07 决议阶段.txt","MVP 046功能基线文档\04 UI设计师输出\07 决议阶段.txt"
"05_UI与视觉资料","MVP 0.4.6",".pdf","77.7","2026-03-13 19:18","EOR UI 操作流程 V1.0.pdf","MVP 046功能基线文档\04 UI设计师输出\EOR UI 操作流程 V1.0.pdf"
"05_UI与视觉资料","MVP 0.4.6",".pdf","220.7","2026-03-12 19:10","EOR UI 操作流程.pdf","MVP 046功能基线文档\04 UI设计师输出\EOR UI 操作流程.pdf"
"05_UI与视觉资料","MVP 0.4.6",".docx","18.9","2026-03-13 20:10","UI设计问题澄清.docx","MVP 046功能基线文档\04 UI设计师输出\UI设计问题澄清.docx"
"05_UI与视觉资料","未标明版本",".pdf","741.1","2022-07-17 21:53","EOR UI 界面设计（试玩版）V1.2.pdf","Archive\EOR UI 界面设计（试玩版）V1.2.pdf"
"05_UI与视觉资料","未标明版本",".pptx","220.5","2022-07-24 00:21","EOR UI 界面设计（试玩版）V1.2.pptx","Archive\EOR UI 界面设计（试玩版）V1.2.pptx"
"05_UI与视觉资料","未标明版本",".pptx","229.3","2022-08-01 22:49","EOR UI 界面设计（试玩版）V1.3.pptx","Archive\EOR UI 界面设计（试玩版）V1.3.pptx"
"05_UI与视觉资料","未标明版本",".pptx","186.8","2025-12-31 17:20","EOR UI 界面设计-官员任免模块.pptx","Archive\EOR UI 界面设计-官员任免模块.pptx"
"05_UI与视觉资料","未标明版本",".pptx","411.5","2022-07-30 00:04","克劳狄乌斯的罗马世界 官阶升级.pptx","Archive\克劳狄乌斯的罗马世界 官阶升级.pptx"
"05_UI与视觉资料","未标明版本",".docx","11.5","2026-01-31 13:13","独立轻量级图形界面游戏开发计划（立项-小范围交付）-- 豆包.docx","独立轻量级图形界面游戏开发计划（立项-小范围交付）-- 豆包.docx"
"05_UI与视觉资料","未标明版本",".docx","13.4","2026-01-31 18:19","独立轻量级图形界面游戏开发计划（立项-小范围交付）.docx","独立轻量级图形界面游戏开发计划（立项-小范围交付）.docx"
"05_UI与视觉资料","未标明版本",".png","4678.9","2026-02-05 20:34","生成罗马将军画像.png","生成罗马将军画像.png"
"05_UI与视觉资料","未标明版本",".jpg","249.8","2026-01-25 14:40","罗马疆域图.jpg","罗马疆域图.jpg"
"05_UI与视觉资料","未标明版本",".PNG","1208.4","2026-01-25 14:54","罗马行省疆域图.PNG","罗马行省疆域图.PNG"
"05_UI与视觉资料","未标明版本",".pptx","1269.3","2026-03-01 21:42","罗马鹰旗游戏UI设定书.pptx","罗马鹰旗游戏UI设定书.pptx"
"06_历史代码片段与运行日志","MVP 0.4.5",".py","6.6","2026-02-19 19:59","config.py","MVP 045整改项目文档\03 程序开发文档\10 迁移系统配置组功能命令至新框架\config.py"
"06_历史代码片段与运行日志","MVP 0.4.5",".py","3.1","2026-02-19 19:47","sys_config.py","MVP 045整改项目文档\03 程序开发文档\10 迁移系统配置组功能命令至新框架\sys_config.py"
"06_历史代码片段与运行日志","MVP 0.4.5",".py","7.1","2026-02-19 20:11","func_turn_control.py","MVP 045整改项目文档\03 程序开发文档\11 迁移回合控制组功能命令至新框架\func_turn_control.py"
"06_历史代码片段与运行日志","MVP 0.4.5",".py","5.3","2026-02-19 20:33","sys_registry.py","MVP 045整改项目文档\03 程序开发文档\11 迁移回合控制组功能命令至新框架\sys_registry.py"
"06_历史代码片段与运行日志","MVP 0.4.5",".py","1.7","2026-02-17 16:45","main.py","MVP 045整改项目文档\03 程序开发文档\1-1\main.py"
"06_历史代码片段与运行日志","MVP 0.4.5",".py","1.6","2026-02-17 16:38","sys_base.py","MVP 045整改项目文档\03 程序开发文档\1-1\sys_base.py"
"06_历史代码片段与运行日志","MVP 0.4.5",".py","1.2","2026-02-17 16:48","sys_exit.py","MVP 045整改项目文档\03 程序开发文档\1-1\sys_exit.py"
"06_历史代码片段与运行日志","MVP 0.4.5",".py","2.4","2026-02-17 16:48","sys_help.py","MVP 045整改项目文档\03 程序开发文档\1-1\sys_help.py"
"06_历史代码片段与运行日志","MVP 0.4.5",".py","8.2","2026-02-17 16:49","sys_registry.py","MVP 045整改项目文档\03 程序开发文档\1-1\sys_registry.py"
"06_历史代码片段与运行日志","MVP 0.4.5",".py","2.2","2026-02-19 20:42","func_forum.py","MVP 045整改项目文档\03 程序开发文档\12 迁移Forum阶段功能组命令至新框架\func_forum.py"
"06_历史代码片段与运行日志","MVP 0.4.5",".py","7.3","2026-02-17 17:20","game_state.py","MVP 045整改项目文档\03 程序开发文档\1-2\game_state.py"
"06_历史代码片段与运行日志","MVP 0.4.5",".py","2.8","2026-02-19 20:51","func_population.py","MVP 045整改项目文档\03 程序开发文档\13 迁移 Population阶段功能组命令至新框架\func_population.py"
"06_历史代码片段与运行日志","MVP 0.4.5",".py","16.5","2026-02-19 21:08","func_military.py","MVP 045整改项目文档\03 程序开发文档\14 迁移军事组功能命令至新框架\func_military.py"
"06_历史代码片段与运行日志","MVP 0.4.5",".py","6.9","2026-02-17 19:22","config.py","MVP 045整改项目文档\03 程序开发文档\2.0\config.py"
"06_历史代码片段与运行日志","MVP 0.4.5",".py","9.1","2026-02-17 19:18","game_state.py","MVP 045整改项目文档\03 程序开发文档\2.0\game_state.py"
"06_历史代码片段与运行日志","MVP 0.4.5",".py","10.1","2026-02-17 19:56","game_state.py","MVP 045整改项目文档\03 程序开发文档\3.0 天命阶段迁移\game_state.py"
"06_历史代码片段与运行日志","MVP 0.4.5",".py","3.2","2026-02-17 19:52","phase_mortality.py","MVP 045整改项目文档\03 程序开发文档\3.0 天命阶段迁移\phase_mortality.py"
"06_历史代码片段与运行日志","MVP 0.4.5",".py","12","2026-02-17 20:18","game_state.py","MVP 045整改项目文档\03 程序开发文档\4.0 收入阶段迁移\game_state.py"
"06_历史代码片段与运行日志","MVP 0.4.5",".py","6.1","2026-02-17 20:24","phase_revenue.py","MVP 045整改项目文档\03 程序开发文档\4.0 收入阶段迁移\phase_revenue.py"
"06_历史代码片段与运行日志","MVP 0.4.5",".py","12.3","2026-02-17 20:50","game_state.py","MVP 045整改项目文档\03 程序开发文档\5.0 广场阶段迁移\game_state.py"
"06_历史代码片段与运行日志","MVP 0.4.5",".py","7.6","2026-02-17 20:47","phase_forum.py","MVP 045整改项目文档\03 程序开发文档\5.0 广场阶段迁移\phase_forum.py"
"06_历史代码片段与运行日志","MVP 0.4.5",".py","5.6","2026-02-17 21:08","phase_population.py","MVP 045整改项目文档\03 程序开发文档\6.0 人口阶段迁移\phase_population.py"
"06_历史代码片段与运行日志","MVP 0.4.5",".py","1.6","2026-02-17 21:46","func_status.py","MVP 045整改项目文档\03 程序开发文档\7.0 元老阶段迁移\func_status.py"
"06_历史代码片段与运行日志","MVP 0.4.5",".py","18","2026-02-17 21:20","phase_senate.py","MVP 045整改项目文档\03 程序开发文档\7.0 元老阶段迁移\phase_senate.py"
"06_历史代码片段与运行日志","MVP 0.4.5",".py","9.7","2026-02-18 19:50","phase_combat.py","MVP 045整改项目文档\03 程序开发文档\8.0 战争阶段迁移\phase_combat.py"
"06_历史代码片段与运行日志","MVP 0.4.5",".py","7.6","2026-02-18 20:14","phase_resolution.py","MVP 045整改项目文档\03 程序开发文档\9.0 抉择阶段迁移\phase_resolution.py"
